part_name,total_dimension_count,linear_dimension_count,diameter_dimension_count,radius_dimension_count,angular_dimension_count,hole_fit_count,shaft_fit_count,n_dia_tol,n_lin_tol,stats_dim_tol_lin_min,stats_dim_tol_lin_max,stats_dim_tol_lin_avg,stats_dim_tol_dia_min,stats_dim_tol_dia_max,stats_dim_tol_dia_avg,surface_spec_count,stats_surface_min,stats_surface_max,stats_surface_avg,has_concentricity,has_flatness,has_parallelism,has_perpendicularity,has_position,total_tolerance_count,gtol_max_datum_refs,gtol_share_with_datum,stats_geom_tol_min,stats_geom_tol_max,stats_geom_tol_avg,Processes
Buchse_Schwenkwelle_fest,16,10,2,3,1,2,1,0,2,0.2,1.0,0.6,,,,2,6.0,25.0,15.5,0,0,0,1,1,6,2,1.0,0.03,0.2,0.07,['drehen']
CMod_00000007720-A,34,24,6,4,0,3,1,0,1,0.2,0.2,0.2,,,,0,,,,1,0,0,1,1,7,2,0.8571428571428571,0.05,0.5,0.2142857142857142,"['drehen', 'fräsen']"
CMod_00000007727-A,20,10,4,4,2,0,1,0,2,0.1,0.1,0.1,,,,0,,,,1,0,1,1,0,5,1,1.0,0.4,0.4,0.4,"['drehen', 'fräsen']"
CMod_00000007733-C,13,10,0,3,0,0,0,0,7,0.2,1.0,0.6285714285714287,,,,0,,,,0,1,0,1,0,2,1,0.5,0.02,0.03,0.025,"['drehen', 'fräsen']"
CMod_00000012082_A,2,1,1,0,0,0,0,0,0,,,,,,,0,,,,0,0,0,0,0,0,0,0.0,,,,['drehen']
CMod_00000016743-B,7,7,0,0,0,0,0,0,0,,,,,,,1,40.0,40.0,40.0,0,1,0,1,0,4,1,0.75,0.1,0.1,0.1,"['drehen', 'bohren']"
CMod_00000016969-A,17,15,1,1,0,0,0,0,0,,,,,,,0,,,,0,0,0,0,0,0,0,0.0,,,,[]
CMod_00000017599-A,7,4,2,1,0,0,0,0,0,,,,,,,0,,,,0,0,0,0,0,0,0,0.0,,,,[]
CMod_00000017931-A,6,1,4,0,1,0,0,0,0,,,,,,,0,,,,0,0,0,0,0,0,0,0.0,,,,[]
CMod_00000019011-B,16,10,3,2,1,1,0,0,0,,,,,,,3,10.0,100.0,45.0,0,1,0,1,1,7,1,0.8571428571428571,0.05,0.1,0.0928571428571428,"['drehen', 'bohren']"
CMod_00000019046-A,8,3,2,3,0,0,0,0,0,,,,,,,0,,,,0,0,0,0,0,0,0,0.0,,,,[]
CMod_00000024855-A,6,6,0,0,0,0,3,0,0,,,,,,,2,6.0,25.0,15.5,1,0,0,1,0,3,1,0.3333333333333333,0.02,0.3,0.2066666666666666,['drehen']
CMod_00000028586-A,16,8,4,3,1,1,1,1,0,,,,1.0,1.0,1.0,2,6.0,25.0,15.5,0,0,0,0,1,6,2,0.8333333333333334,0.03,0.2,0.0583333333333333,['drehen']
CMod_00000028866-A,13,7,4,0,2,0,0,0,0,,,,,,,0,,,,1,0,1,1,1,7,1,0.7142857142857143,0.3,0.3,0.3,"['fräsen', 'drehen']"
CMod_00000029011-A,5,5,0,0,0,1,0,0,2,1.0,1.0,1.0,,,,2,25.0,100.0,62.5,0,1,0,1,1,5,2,0.8,0.03,0.5,0.172,['drehen']
CMod_00000029020-A,17,10,2,3,2,1,2,0,1,0.2,0.2,0.2,,,,4,6.0,100.0,35.25,0,1,0,1,1,5,2,0.8,0.06,0.2,0.1319999999999999,"['drehen', 'bohren']"
CMod_00000029114-A,23,9,6,4,4,2,2,0,2,0.2,0.2,0.2,,,,3,6.0,100.0,43.66666666666666,0,1,0,0,1,2,2,0.5,0.2,0.2,0.2,"['drehen', 'bohren']"
CMod_00000030487-A,5,3,2,0,0,2,0,0,0,,,,,,,1,100.0,100.0,100.0,1,1,0,1,1,5,2,0.8,0.1,0.5,0.2799999999999999,['drehen']
CMod_00000035058-A,5,1,4,0,0,0,0,0,0,,,,,,,0,,,,0,0,0,0,0,0,0,0.0,,,,[]
CMod_00000035412_A,4,2,2,0,0,0,0,0,0,,,,,,,0,,,,0,0,0,0,0,0,0,0.0,,,,['drehen']
CMod_00000036310_A,5,3,2,0,0,0,0,0,0,,,,,,,0,,,,0,0,0,0,0,0,0,0.0,,,,['drehen']
CMod_00000048866-A,5,2,1,1,1,0,0,0,0,,,,,,,1,63.0,63.0,63.0,0,1,0,1,0,3,1,0.6666666666666666,0.2,0.3,0.2666666666666666,['drehen']
CMod_00000051561-A,7,3,1,1,2,0,0,0,0,,,,,,,0,,,,0,1,0,1,1,4,2,0.75,0.15,0.2,0.1875,"['drehen', 'bohren']"
CMod_00000053641-A,23,13,4,4,2,0,0,0,0,,,,,,,0,,,,0,1,0,1,1,6,2,0.6666666666666666,0.05,0.1,0.0833333333333333,"['drehen', 'fräsen']"
CMod_00000067557-A,18,13,1,1,3,0,0,0,0,,,,,,,0,,,,0,0,0,0,0,0,0,0.0,,,,['fräsen']
CMod_00000067567-A,3,1,2,0,0,0,0,1,1,0.1,0.1,0.1,0.1,0.1,0.1,1,40.0,40.0,40.0,0,0,0,0,0,0,0,0.0,,,,['drehen']
CMod_00000067570-A,15,11,4,0,0,0,0,1,0,,,,0.012,0.012,0.012,0,,,,0,0,0,0,1,3,3,1.0,0.2,0.5,0.3333333333333333,['fräsen']
CMod_00000067594-A,8,5,3,0,0,0,0,2,1,0.2,0.2,0.2,0.1,0.2,0.15,1,40.0,40.0,40.0,0,0,0,0,0,0,0,0.0,,,,['drehen']
CMod_00000067729-A,6,3,3,0,0,0,0,2,1,0.1,0.1,0.1,0.1,0.2,0.15,1,40.0,40.0,40.0,0,0,0,0,0,0,0,0.0,,,,['drehen']
CMod_00000067775-A,22,19,1,2,0,0,0,0,0,,,,,,,0,,,,0,0,0,0,1,1,3,1.0,0.3,0.3,0.3,['fräsen']
CMod_00000067829-A,12,5,5,1,1,0,0,3,0,,,,0.1,0.1,0.1,1,63.0,63.0,63.0,0,0,0,0,0,0,0,0.0,,,,['drehen']
CMod_00000067926-A,18,9,5,3,1,0,0,2,1,0.1,0.1,0.1,0.1,0.1,0.1,1,40.0,40.0,40.0,0,0,0,0,0,0,0,0.0,,,,"['drehen', 'fräsen']"
CMod_00000067980-A,20,20,0,0,0,0,0,0,3,0.4,0.5,0.4666666666666666,,,,0,,,,0,1,0,1,0,4,3,0.75,0.3,0.3,0.3,['fräsen']
CMod_00000067989-A,7,4,2,0,1,0,0,0,0,,,,,,,1,40.0,40.0,40.0,0,0,0,0,0,0,0,0.0,,,,['drehen']
CMod_00000068019-A,24,18,3,1,2,0,0,0,2,0.4,0.4,0.4,,,,0,,,,0,0,0,0,0,2,1,1.0,0.5,0.5,0.5,['fräsen']
CMod_00000071926-A,29,15,6,4,4,0,0,2,1,0.3,0.3,0.3,0.1,0.3,0.2,3,25.0,63.0,50.333333333333336,0,1,1,0,0,2,1,0.5,0.05,0.1,0.075,"['drehen', 'fräsen']"
CMod_00000071928-A,22,13,3,6,0,0,0,0,1,0.3,0.3,0.3,,,,2,25.0,63.0,44.0,0,1,0,0,1,2,2,0.5,0.1,0.2,0.15,['fräsen']
CMod_00000071934-A,8,3,5,0,0,1,1,0,2,0.2,0.4,0.3,,,,1,6.0,6.0,6.0,0,0,0,0,0,0,0,0.0,,,,['drehen']
CMod_00000071942-A,24,21,2,0,1,1,0,0,0,,,,,,,3,16.0,25.0,19.0,0,1,1,0,1,6,2,1.0,0.05,0.4,0.15,['fräsen']
CMod_00000071950-A,39,24,6,4,5,0,1,3,9,0.1,20.0,2.655555555555556,0.03,0.1,0.0766666666666666,3,10.0,40.0,25.0,1,0,0,1,0,5,1,0.8,0.01,0.1,0.05,"['drehen', 'fräsen']"
CMod_00000071951-A,30,17,7,4,2,3,1,0,2,0.2,0.2,0.2,,,,3,6.0,25.0,15.666666666666666,1,1,0,1,1,9,2,0.7777777777777778,0.02,0.4,0.0988888888888888,"['drehen', 'fräsen']"
CMod_00000071961-A,16,13,2,0,1,0,0,2,2,0.1,0.4,0.25,0.1,0.5,0.3,3,25.0,63.0,37.66666666666666,0,1,0,0,0,1,0,0.0,0.05,0.05,0.05,['fräsen']
CMod_00000071998-A,15,9,2,2,2,1,0,1,1,0.2,0.2,0.2,0.1,0.1,0.1,3,25.0,63.0,37.66666666666666,0,0,0,0,0,0,0,0.0,,,,['fräsen']
CMod_00000072009-A,18,15,2,0,1,1,0,0,1,0.4,0.4,0.4,,,,3,25.0,63.0,37.66666666666666,0,1,1,0,0,3,1,0.6666666666666666,0.1,0.2,0.1333333333333333,['fräsen']
CMod_00000080306-A,42,22,11,6,3,1,4,2,7,0.1,0.2,0.1714285714285714,0.1,0.1,0.1,3,6.0,25.0,18.666666666666668,1,0,0,1,0,4,1,1.0,0.01,0.1,0.0375,"['drehen', 'fräsen']"
CMod_00000081378-A,22,11,8,3,0,1,1,6,3,0.2,0.2,0.2,0.05,0.2,0.125,4,6.0,25.0,15.5,1,0,0,1,0,3,1,1.0,0.01,0.02,0.0133333333333333,['drehen']
CMod_00000081709-A,27,14,5,4,4,0,2,0,4,0.1,0.2,0.15,,,,0,,,,1,0,0,0,0,3,1,1.0,0.02,0.1,0.0733333333333333,"['drehen', 'fräsen']"
CMod_00000087006_A,11,4,4,0,3,0,0,1,0,,,,1.0,1.0,1.0,0,,,,0,0,0,0,0,0,0,0.0,,,,['drehen']
CMod_00000087241-A,20,14,3,0,3,0,0,0,0,,,,,,,3,6.0,6.0,6.0,0,1,1,1,1,9,2,0.4444444444444444,0.05,0.1,0.0888888888888888,"['drehen', 'fräsen']"
CMod_00000087444-A,17,11,4,0,2,0,0,0,0,,,,,,,0,,,,0,1,1,1,0,5,1,1.0,0.1,0.1,0.1,"['drehen', 'fräsen']"
CMod_00000090014-B,11,6,4,0,1,0,0,0,0,,,,,,,0,,,,0,1,0,1,1,4,2,0.75,0.2,1.0,0.4499999999999999,"['drehen', 'fräsen']"
CMod_00000090015-B,11,6,4,0,1,0,0,0,0,,,,,,,0,,,,0,1,0,1,1,4,2,0.75,0.2,1.0,0.4499999999999999,"['drehen', 'fräsen']"
CMod_00000091203-A,24,12,3,2,7,1,0,0,0,,,,,,,0,,,,0,0,1,1,1,5,2,1.0,0.1,0.3,0.22,"['drehen', 'fräsen']"
CMod_00000092904-A,43,33,1,7,2,1,1,0,1,0.4,0.4,0.4,,,,1,25.0,25.0,25.0,0,0,0,0,0,0,0,0.0,,,,"['drehen', 'fräsen']"
CMod_00000092906-A,14,9,1,3,1,0,0,1,0,,,,0.022,0.022,0.022,0,,,,0,0,0,1,0,1,1,1.0,0.1,0.1,0.1,"['drehen', 'fräsen']"
CMod_00000092913-A,16,9,3,2,2,0,1,0,0,,,,,,,1,25.0,25.0,25.0,0,0,0,0,0,0,0,0.0,,,,"['drehen', 'fräsen']"
CMod_00000092918-A,49,30,6,9,4,0,2,0,0,,,,,,,0,,,,0,0,0,0,0,0,0,0.0,,,,['fräsen']
CMod_00000092931-A,5,3,1,0,1,0,0,0,0,,,,,,,1,25.0,25.0,25.0,0,0,0,0,1,1,1,1.0,0.3,0.3,0.3,"['drehen', 'fräsen']"
CMod_00000093575-A,20,12,2,4,2,0,0,0,0,,,,,,,1,40.0,40.0,40.0,0,1,1,1,1,8,2,0.875,0.05,0.1,0.0875,"['drehen', 'fräsen']"
CMod_00000093996-A,14,9,3,0,2,0,0,1,0,,,,0.3,0.3,0.3,0,,,,0,1,0,1,1,4,2,0.75,0.2,0.5,0.325,"['drehen', 'bohren']"
CMod_00000096122-B,22,12,4,0,6,0,0,0,0,,,,,,,0,,,,0,0,1,1,1,8,2,1.0,0.1,0.1,0.1,"['drehen', 'fräsen']"
CMod_00000096134-B,39,26,7,2,4,0,0,0,0,,,,,,,0,,,,0,0,1,1,1,15,2,1.0,0.1,0.1,0.1,['fräsen']
CMod_00000096142-C,39,29,6,0,4,0,0,0,0,,,,,,,0,,,,0,0,1,1,1,15,2,1.0,0.1,0.1,0.1,['fräsen']
CMod_00000096161-B,37,24,6,0,7,0,0,0,0,,,,,,,0,,,,0,0,1,1,1,15,2,1.0,0.1,0.1,0.1,['fräsen']
CMod_00000096204-A,22,17,4,0,1,0,0,0,0,,,,,,,0,,,,0,1,1,1,1,8,2,0.875,0.05,0.1,0.08125,"['drehen', 'fräsen']"
CMod_00000096235-A,27,14,4,5,4,0,0,0,0,,,,,,,0,,,,0,1,0,0,1,5,2,0.8,0.05,0.1,0.0699999999999999,"['drehen', 'fräsen']"
CMod_00000096339-A,22,14,4,0,4,0,0,0,0,,,,,,,0,,,,0,1,1,1,1,8,2,0.875,0.05,0.1,0.08125,"['drehen', 'fräsen']"
CMod_00000096358-A,30,16,3,6,5,0,0,0,0,,,,,,,0,,,,0,1,0,0,1,5,2,0.8,0.05,0.1,0.0699999999999999,['fräsen']
CMod_00000096364-B,22,11,4,0,7,0,0,0,0,,,,,,,2,6.0,6.0,6.0,0,1,1,1,1,8,2,0.875,0.05,0.1,0.08125,"['drehen', 'fräsen']"
CMod_00000096370-A,19,11,4,0,4,0,0,0,0,,,,,,,0,,,,0,0,1,1,1,8,2,1.0,0.1,0.1,0.1,"['drehen', 'fräsen']"
CMod_00000096376-A,37,28,6,0,3,0,0,0,0,,,,,,,0,,,,0,1,1,1,1,16,2,0.9375,0.1,0.1,0.1,['fräsen']
CMod_00000096382-A,50,34,9,0,7,0,0,0,0,,,,,,,0,,,,0,0,1,1,1,22,2,1.0,0.1,0.1,0.1,['fräsen']
CMod_00000096465-A,21,13,5,1,2,0,0,0,0,,,,,,,4,6.0,6.0,6.0,0,0,1,1,1,6,1,0.6666666666666666,0.1,0.1,0.0999999999999999,"['drehen', 'fräsen']"
CMod_00000096479-A,23,14,3,4,2,0,0,0,0,,,,,,,0,,,,0,1,0,1,1,6,2,0.6666666666666666,0.05,0.1,0.0833333333333333,"['drehen', 'fräsen']"
CMod_00000096493-A,22,13,3,4,2,0,0,0,0,,,,,,,0,,,,0,1,0,1,1,6,2,0.6666666666666666,0.05,0.1,0.0833333333333333,"['drehen', 'fräsen']"
CMod_00000096500-A,18,9,5,0,4,0,0,0,0,,,,,,,4,6.0,6.0,6.0,0,0,1,1,1,7,1,0.7142857142857143,0.1,0.1,0.0999999999999999,"['drehen', 'fräsen']"
CMod_00000096510-A,22,12,3,5,2,0,0,0,0,,,,,,,0,,,,0,1,0,1,1,6,2,0.6666666666666666,0.05,0.1,0.0833333333333333,"['drehen', 'fräsen']"
CMod_00000096514-A,22,13,3,4,2,0,0,0,0,,,,,,,0,,,,0,1,0,1,1,6,2,0.6666666666666666,0.05,0.1,0.0833333333333333,"['drehen', 'bohren']"
CMod_00000096518-A,21,12,2,4,3,0,0,0,0,,,,,,,0,,,,0,1,0,1,1,6,2,0.6666666666666666,0.05,0.1,0.0833333333333333,"['drehen', 'fräsen']"
CMod_00000096527-A,22,13,3,4,2,0,0,0,0,,,,,,,0,,,,0,1,0,1,1,6,2,0.6666666666666666,0.05,0.1,0.0833333333333333,"['drehen', 'fräsen']"
CMod_00000096543-A,22,13,3,4,2,0,0,0,0,,,,,,,0,,,,0,1,0,1,1,6,2,0.6666666666666666,0.05,0.1,0.0833333333333333,['drehen']
CMod_00000096553-A,22,13,3,4,2,0,0,0,0,,,,,,,0,,,,0,1,0,1,1,6,2,0.6666666666666666,0.05,0.1,0.0833333333333333,"['drehen', 'fräsen']"
CMod_00000096559-A,22,11,3,5,3,0,0,0,0,,,,,,,0,,,,0,1,0,1,1,5,2,0.6,0.05,0.1,0.08,"['drehen', 'fräsen']"
CMod_00000096615-A,22,13,3,4,2,0,0,0,0,,,,,,,0,,,,0,1,0,1,1,6,2,0.8333333333333334,0.05,0.1,0.075,['drehen']
CMod_00000096620-A,33,15,6,10,2,0,0,0,0,,,,,,,0,,,,0,1,0,1,1,6,2,0.6666666666666666,0.05,0.1,0.0833333333333333,"['drehen', 'fräsen']"
CMod_00000096689-A,19,12,6,1,0,0,0,0,0,,,,,,,0,,,,1,0,1,1,1,10,1,0.9,0.1,0.2,0.19,"['drehen', 'fräsen']"
CMod_00000098986-A,32,22,6,1,3,1,2,0,0,,,,,,,7,16.0,100.0,41.285714285714285,1,1,0,1,1,11,2,0.6363636363636364,0.02,0.4,0.1090909090909091,['fräsen']
CMod_00000099473-A,22,12,5,4,1,0,2,0,1,0.25,0.25,0.25,,,,4,6.0,100.0,39.0,0,1,0,1,1,3,2,0.6666666666666666,0.03,0.4,0.16,['fräsen']
CMod_00000101127-A,23,13,4,4,2,0,0,0,0,,,,,,,0,,,,0,1,0,1,1,6,2,0.6666666666666666,0.05,0.1,0.0833333333333333,"['drehen', 'fräsen']"
CMod_00000101689-A,32,20,7,3,2,1,1,0,0,,,,,,,6,16.0,100.0,44.0,1,1,0,1,1,10,2,0.6,0.02,0.4,0.1149999999999999,['fräsen']
CMod_00000106349-A,5,4,1,0,0,0,0,0,0,,,,,,,1,25.0,25.0,25.0,0,0,0,0,0,0,0,0.0,,,,['fräsen']
CMod_00000106350-A,7,5,2,0,0,0,0,0,0,,,,,,,0,,,,0,0,0,0,0,0,0,0.0,,,,[]
CMod_00000106470-A,7,7,0,0,0,0,0,0,2,0.1,0.1,0.1,,,,1,25.0,25.0,25.0,0,0,1,0,1,2,2,1.0,0.2,0.2,0.2,['drehen']
CMod_00000107358-A,54,31,6,8,9,0,0,0,0,,,,,,,0,,,,0,1,0,0,1,9,2,1.0,0.05,0.1,0.0666666666666666,['fräsen']
CMod_00000109129-A,0,0,0,0,0,0,0,0,0,,,,,,,0,,,,0,0,0,0,0,0,0,0.0,,,,[]
CMod_00000110220-A,7,3,2,2,0,0,0,2,0,,,,0.5,1.0,0.75,0,,,,1,0,0,1,0,2,1,1.0,1.0,1.0,1.0,[]
CMod_00000110518-A,5,4,0,0,1,0,0,0,1,1.0,1.0,1.0,,,,0,,,,0,0,0,1,0,1,1,1.0,0.8,0.8,0.8,['fräsen']
CMod_00000110719-A,14,8,3,1,2,0,0,3,0,,,,0.5,1.0,0.8333333333333334,0,,,,0,0,0,1,0,1,1,1.0,0.5,0.5,0.5,['drehen']
CMod_00000110776-A,16,12,3,1,0,0,0,0,0,,,,,,,2,25.0,100.0,62.5,0,1,1,0,1,5,1,0.8,0.1,0.4,0.22,['fräsen']
CMod_00000182104,15,9,1,1,4,0,0,0,0,,,,,,,0,,,,0,0,0,1,0,2,1,0.5,0.1,0.2,0.15,"['drehen', 'fräsen']"
CMod_00000110886-A,14,7,4,1,2,0,0,3,0,,,,0.5,1.0,0.8333333333333334,0,,,,0,0,0,1,0,1,1,1.0,0.5,0.5,0.5,['drehen']
CMod_00000111046-A,5,4,0,0,1,0,0,0,0,,,,,,,0,,,,0,0,0,1,0,1,1,1.0,0.8,0.8,0.8,['fräsen']
CMod_00000111580-A,11,9,0,0,2,0,0,0,0,,,,,,,0,,,,0,0,0,1,0,2,2,1.0,0.5,0.5,0.5,['fräsen']
CMod_00000117618-A,7,6,0,0,1,0,0,0,0,,,,,,,0,,,,0,0,0,0,0,0,0,0.0,,,,[]
CMod_00000117619-A,7,6,0,0,1,0,0,0,0,,,,,,,0,,,,0,0,0,0,0,0,0,0.0,,,,[]
CMod_00000117620-A,9,6,0,2,1,0,0,0,0,,,,,,,0,,,,0,0,0,0,0,0,0,0.0,,,,[]
CMod_00000124256-A,13,9,2,1,1,0,0,0,0,,,,,,,0,,,,0,1,1,1,1,6,2,0.8333333333333334,0.05,0.1,0.0916666666666666,"['drehen', 'fräsen']"
CMod_00000125933-A,4,4,0,0,0,0,0,0,0,,,,,,,1,63.0,63.0,63.0,0,0,0,0,0,0,0,0.0,,,,['fräsen']
CMod_00000128275-A,41,30,6,3,2,3,0,0,7,0.1,0.2,0.1714285714285714,,,,10,25.0,63.0,40.2,1,1,1,1,0,9,1,0.8888888888888888,0.05,0.1,0.0944444444444444,['fräsen']
CMod_00000128704-A,11,5,3,3,0,0,0,0,0,,,,,,,1,16.0,16.0,16.0,1,1,1,1,0,6,1,0.1666666666666666,0.1,0.1,0.0999999999999999,"['drehen', 'bohren']"
CMod_00000128790-A,35,18,2,9,6,0,4,0,0,,,,,,,2,6.0,25.0,15.5,0,0,1,1,1,8,3,0.875,0.05,0.2,0.10625,"['drehen', 'fräsen']"
CMod_00000131358-A,15,11,0,3,1,2,1,0,3,0.2,0.2,0.2,,,,2,6.0,25.0,15.5,0,0,0,1,1,5,2,1.0,0.03,0.1,0.052,['drehen']
CMod_00000131939-A,37,22,11,1,3,5,2,1,6,0.2,0.2,0.1999999999999999,0.25,0.25,0.25,2,6.0,25.0,15.5,0,0,0,1,1,14,2,0.9285714285714286,0.03,0.5,0.1342857142857143,"['drehen', 'fräsen']"
CMod_00000136274-B,6,4,0,2,0,0,0,0,0,,,,,,,0,,,,0,0,0,0,0,0,0,0.0,,,,"['drehen', 'fräsen']"
CMod_00000136276-B,6,5,0,1,0,0,0,0,0,,,,,,,0,,,,0,0,0,0,0,0,0,0.0,,,,"['drehen', 'fräsen']"
CMod_00000138027-A,10,7,1,2,0,0,0,0,0,,,,,,,0,,,,0,0,0,0,0,0,0,0.0,,,,['fräsen']
CMod_00000139015-A,13,5,5,1,2,0,0,0,0,,,,,,,2,6.0,6.0,6.0,0,1,1,1,0,5,1,0.8,0.1,0.1,0.1,"['drehen', 'fräsen']"
CMod_00000139067-A,16,10,4,2,0,0,0,0,0,,,,,,,3,6.0,16.0,9.333333333333334,0,1,1,1,0,5,1,0.8,0.1,0.1,0.1,['fräsen']
CMod_00000139594-A,27,17,7,3,0,0,0,0,0,,,,,,,7,6.0,16.0,7.428571428571429,0,1,1,1,0,11,0,0.0,0.1,0.1,0.1,"['drehen', 'fräsen']"
CMod_00000139703-A,27,16,7,4,0,0,0,0,0,,,,,,,2,6.0,6.0,6.0,0,1,1,1,0,10,1,0.9,0.1,0.1,0.1,"['drehen', 'fräsen']"
CMod_00000141574-A,3,2,1,0,0,0,0,0,0,,,,,,,0,,,,0,0,0,1,0,1,1,1.0,0.5,0.5,0.5,['drehen']
CMod_00000142373-A,14,6,6,0,2,0,0,2,0,,,,0.5,0.5,0.5,3,63.0,63.0,63.0,0,0,1,1,0,3,1,1.0,0.1,0.1,0.1,"['drehen', 'fräsen']"
CMod_00000142374-A,15,8,5,1,1,0,0,2,0,,,,0.5,0.5,0.5,3,63.0,63.0,63.0,0,0,1,1,0,2,1,1.0,0.1,0.1,0.1,"['drehen', 'fräsen']"
CMod_00000144428-A,5,5,0,0,0,0,0,0,0,,,,,,,1,100.0,100.0,100.0,0,0,0,0,0,0,0,0.0,,,,['fräsen']
CMod_00000144504-A,5,5,0,0,0,0,0,0,0,,,,,,,1,100.0,100.0,100.0,0,0,0,0,0,0,0,0.0,,,,['fräsen']
CMod_00000145639-A,17,8,4,3,2,0,0,0,0,,,,,,,3,6.0,16.0,9.333333333333334,0,1,1,1,1,6,2,0.6666666666666666,0.05,0.1,0.0916666666666666,"['drehen', 'bohren', 'fräsen']"
CMod_00000145821-A,25,18,2,5,0,0,0,0,0,,,,,,,10,6.0,16.0,8.0,0,1,1,1,0,12,0,0.0,0.1,0.1,0.1,"['drehen', 'fräsen']"
CMod_00000145853-A,16,10,2,4,0,0,0,0,0,,,,,,,0,,,,0,0,1,1,0,4,1,1.0,0.1,0.1,0.1,['fräsen']
CMod_00000146312-A,26,23,1,2,0,0,2,0,0,,,,,,,0,,,,0,1,0,1,1,7,3,0.8571428571428571,0.02,0.1,0.0771428571428571,['fräsen']
CMod_00000147648-A,21,9,6,6,0,0,0,0,0,,,,,,,2,16.0,16.0,16.0,0,1,1,1,0,10,1,0.8,0.1,0.1,0.1,"['drehen', 'fräsen']"
CMod_00000150523-A,9,9,0,0,0,0,0,0,0,,,,,,,1,100.0,100.0,100.0,0,0,0,0,0,0,0,0.0,,,,['fräsen']
CMod_00000150554-A,5,5,0,0,0,0,0,0,0,,,,,,,1,100.0,100.0,100.0,0,0,0,0,0,0,0,0.0,,,,['fräsen']
CMod_00000152117-A,24,17,1,4,2,2,0,0,1,0.3,0.3,0.3,,,,2,25.0,100.0,62.5,0,1,1,1,1,9,3,0.8888888888888888,0.03,0.5,0.2233333333333333,['fräsen']
CMod_00000152589-A,36,18,2,9,7,0,0,0,0,,,,,,,1,25.0,25.0,25.0,0,1,0,1,1,9,3,0.6666666666666666,0.1,0.4,0.2,['fräsen']
CMod_00000153219-A,19,14,3,0,2,0,0,0,0,,,,,,,0,,,,0,1,1,1,0,6,1,0.8333333333333334,0.1,0.1,0.0999999999999999,"['drehen', 'fräsen']"
CMod_00000153229-A,17,11,4,0,2,0,0,0,0,,,,,,,0,,,,0,1,1,1,0,5,1,0.8,0.1,0.1,0.1,"['drehen', 'fräsen']"
CMod_00000154535-A,42,28,9,3,2,0,0,3,1,0.2,0.2,0.2,0.033,0.6,0.2319999999999999,9,16.0,100.0,59.66666666666666,1,1,0,1,1,8,3,0.75,0.2,1.6,0.6000000000000001,['fräsen']
CMod_00000154975-A,156,94,27,17,18,6,5,3,16,0.05,0.25,0.175,0.2,0.5,0.3,20,6.0,63.0,32.65,1,1,1,1,1,13,1,0.6153846153846154,0.02,0.5,0.183076923076923,"['drehen', 'fräsen']"
CMod_00000157144-A,37,26,6,2,3,0,0,2,0,,,,0.22,0.27,0.245,0,,,,0,1,0,1,1,8,3,0.875,0.05,0.1,0.09375,['fräsen']
CMod_00000157698-A,19,16,2,1,0,0,0,2,0,,,,0.27,0.27,0.27,0,,,,0,1,1,1,1,6,3,0.8333333333333334,0.05,0.1,0.0916666666666666,['fräsen']
CMod_00000158115-A,16,12,3,1,0,0,1,1,0,,,,0.22,0.22,0.22,0,,,,0,1,0,1,1,4,3,0.75,0.05,0.1,0.075,['fräsen']
CMod_00000159262-A,22,14,3,4,1,4,0,0,5,0.2,0.5,0.38,,,,3,6.0,100.0,43.66666666666666,1,1,0,1,1,13,2,0.6923076923076923,0.03,0.5,0.1276923076923077,['fräsen']
CMod_00000159810-A,9,6,3,0,0,1,0,0,0,,,,,,,2,25.0,25.0,25.0,0,1,1,0,1,3,1,0.6666666666666666,0.05,0.4,0.1833333333333333,"['drehen', 'bohren']"
CMod_00000160156-A,6,2,4,0,0,0,2,0,0,,,,,,,3,16.0,25.0,22.0,0,1,1,1,0,3,1,0.6666666666666666,0.05,0.1,0.0666666666666666,['drehen']
CMod_00000160505-A,24,10,9,2,3,2,1,1,1,0.2,0.2,0.2,0.2,0.2,0.2,4,6.0,25.0,15.5,1,1,0,1,1,5,1,0.6,0.02,0.5,0.13,"['drehen', 'bohren']"
CMod_00000161381-A,32,15,9,5,3,0,0,0,0,,,,,,,2,2.0,25.0,13.5,0,0,0,0,0,0,0,0.0,,,,"['drehen', 'fräsen']"
CMod_00000161761-A,3,1,2,0,0,0,1,1,0,,,,0.2,0.2,0.2,1,16.0,16.0,16.0,0,0,0,0,0,0,0,0.0,,,,['drehen']
CMod_00000161780-A,6,6,0,0,0,0,1,0,2,0.2,0.2,0.2,,,,4,16.0,63.0,39.5,0,0,0,0,0,0,0,0.0,,,,"['drehen', 'bohren', 'fräsen']"
CMod_00000162455-A,24,18,1,5,0,1,0,0,0,,,,,,,2,10.0,100.0,55.0,0,1,0,0,1,4,2,0.75,0.2,0.2,0.2,['fräsen']
CMod_00000163081-A,21,13,4,2,2,0,0,2,2,0.1,0.1,0.1,0.18,0.22,0.2,0,,,,0,1,0,1,1,6,3,0.8333333333333334,0.03,0.1,0.0883333333333333,['fräsen']
CMod_00000163382-A,15,13,1,0,1,1,1,0,1,0.2,0.2,0.2,,,,2,6.0,25.0,15.5,1,0,0,1,1,6,2,1.0,0.05,0.1,0.0833333333333333,"['bohren', 'drehen']"
CMod_00000163685-A,13,7,2,4,0,0,0,0,0,,,,,,,1,16.0,16.0,16.0,0,1,1,1,0,5,1,0.8,0.1,0.1,0.1,['fräsen']
CMod_00000164018-A,48,20,14,9,5,2,4,1,6,0.1,0.5,0.2333333333333333,0.5,0.5,0.5,8,6.0,25.0,16.75,1,0,0,0,1,10,2,0.8,0.05,0.2,0.065,"['drehen', 'fräsen']"
CMod_00000164668-A,18,12,3,3,0,2,0,0,1,0.2,0.2,0.2,,,,3,6.0,63.0,31.33333333333333,0,1,0,1,1,5,2,0.8,0.06,0.2,0.1119999999999999,"['bohren', 'drehen']"
CMod_00000165124-A,47,23,10,7,7,1,2,1,6,0.1,0.3,0.1833333333333333,0.2,0.2,0.2,5,6.0,25.0,13.6,1,0,0,0,1,6,2,0.8333333333333334,0.05,0.2,0.075,"['drehen', 'bohren']"
CMod_00000166574-B,14,10,1,3,0,1,0,0,3,0.3,0.6,0.5,,,,3,6.0,100.0,43.66666666666666,0,0,0,1,1,6,3,0.8333333333333334,0.1,0.3,0.1833333333333333,"['drehen', 'fräsen']"
CMod_00000167064-A,13,7,2,3,1,0,0,0,0,,,,,,,1,16.0,16.0,16.0,0,1,1,1,0,5,1,0.8,0.1,0.1,0.1,"['drehen', 'fräsen']"
CMod_00000167203-A,5,3,0,2,0,0,2,0,1,0.3,0.3,0.3,,,,1,10.0,10.0,10.0,0,1,0,1,0,4,1,0.75,0.03,0.1,0.0825,['fräsen']
CMod_00000167449-A,27,11,6,10,0,0,0,0,0,,,,,,,2,16.0,16.0,16.0,0,1,1,1,0,15,1,0.8666666666666667,0.1,0.1,0.1,"['drehen', 'fräsen']"
CMod_00000167677-A,21,6,8,6,1,0,0,0,0,,,,,,,1,16.0,16.0,16.0,0,1,1,1,0,8,1,0.875,0.1,0.1,0.1,"['drehen', 'fräsen']"
CMod_00000168116-A,14,6,4,4,0,0,0,0,0,,,,,,,1,16.0,16.0,16.0,0,1,1,1,0,5,1,0.8,0.1,0.1,0.1,"['drehen', 'fräsen']"
CMod_00000168366-A,14,6,2,4,2,0,0,0,0,,,,,,,1,16.0,16.0,16.0,0,1,1,1,1,6,2,0.8333333333333334,0.05,0.1,0.0916666666666666,"['drehen', 'bohren']"
CMod_00000168413-A,14,7,2,3,2,0,0,0,0,,,,,,,1,16.0,16.0,16.0,0,1,1,1,1,6,2,0.8333333333333334,0.05,0.1,0.0916666666666666,"['drehen', 'bohren']"
CMod_00000168447-A,22,15,2,3,2,0,0,0,0,,,,,,,1,16.0,16.0,16.0,0,1,1,1,1,6,2,0.8333333333333334,0.05,0.1,0.0916666666666666,"['drehen', 'fräsen']"
CMod_00000168501-A,15,7,2,3,3,0,0,0,0,,,,,,,1,16.0,16.0,16.0,0,1,1,1,1,6,2,0.8333333333333334,0.05,0.1,0.0916666666666666,"['drehen', 'bohren']"
CMod_00000168589-A,9,5,1,3,0,0,0,0,0,,,,,,,1,16.0,16.0,16.0,0,1,1,1,0,5,1,0.8,0.1,0.1,0.1,"['drehen', 'bohren']"
CMod_00000168607-A,12,4,4,4,0,0,0,0,0,,,,,,,1,16.0,16.0,16.0,0,1,1,1,0,5,1,0.8,0.1,0.1,0.1,"['drehen', 'fräsen']"
CMod_00000168629-A,13,9,0,4,0,0,0,0,0,,,,,,,1,16.0,16.0,16.0,0,1,1,1,0,5,1,0.8,0.1,0.1,0.1,['fräsen']
CMod_00000168638-A,13,10,0,3,0,0,0,0,0,,,,,,,1,16.0,16.0,16.0,0,1,1,1,0,5,1,0.8,0.1,0.1,0.1,['fräsen']
CMod_00000168835-A,17,11,2,4,0,0,0,0,0,,,,,,,1,16.0,16.0,16.0,0,1,1,1,0,5,1,0.8,0.1,0.1,0.1,['fräsen']
CMod_00000171157-A,6,4,0,0,2,0,0,0,0,,,,,,,1,100.0,100.0,100.0,0,1,0,1,0,3,2,0.6666666666666666,0.2,0.3,0.2666666666666666,['fräsen']
CMod_00000171158-A,12,6,0,0,6,0,0,0,0,,,,,,,1,100.0,100.0,100.0,0,1,1,1,0,3,1,0.6666666666666666,0.2,0.3,0.2666666666666666,['fräsen']
CMod_00000171159-A,9,5,0,0,4,0,0,0,0,,,,,,,1,100.0,100.0,100.0,0,1,1,1,0,3,1,0.6666666666666666,0.2,0.3,0.2666666666666666,['fräsen']
CMod_00000171303-A,21,11,3,4,3,0,0,0,0,,,,,,,0,,,,0,1,0,1,1,6,2,0.6666666666666666,0.05,0.1,0.0833333333333333,['drehen']
CMod_00000171984-A,16,7,6,1,2,0,1,0,0,,,,,,,5,16.0,25.0,19.6,0,1,1,1,1,6,2,0.8333333333333334,0.02,0.2,0.055,"['bohren', 'drehen']"
CMod_00000172989-A,20,11,5,2,2,0,1,0,0,,,,,,,2,6.0,100.0,53.0,0,0,0,0,1,3,1,0.6666666666666666,0.3,0.3,0.3,['drehen']
CMod_00000173958-A,28,15,4,5,4,0,0,0,0,,,,,,,0,,,,0,1,0,0,1,5,2,0.8,0.05,0.1,0.0699999999999999,"['drehen', 'fräsen']"
CMod_00000174068-A,28,14,4,5,5,0,0,0,0,,,,,,,0,,,,0,1,0,0,1,5,2,0.8,0.05,0.1,0.0699999999999999,"['drehen', 'fräsen']"
CMod_00000175219-A,6,5,0,1,0,0,0,0,0,,,,,,,1,40.0,40.0,40.0,0,1,1,1,0,4,1,0.75,0.1,0.1,0.1,['drehen']
CMod_00000176416-A,15,8,2,4,1,0,0,0,0,,,,,,,1,16.0,16.0,16.0,0,1,1,1,1,6,2,0.8333333333333334,0.05,0.1,0.0916666666666666,"['drehen', 'bohren', 'fräsen']"
CMod_00000176423-A,11,4,3,4,0,0,0,0,0,,,,,,,1,16.0,16.0,16.0,0,1,1,1,0,4,1,0.75,0.1,0.1,0.1,"['drehen', 'bohren']"
CMod_00000176800-A,24,17,2,2,3,0,0,0,0,,,,,,,1,40.0,40.0,40.0,0,1,0,0,1,6,2,0.8333333333333334,0.05,0.1,0.0833333333333333,['drehen']
CMod_00000177008-A,17,10,2,2,3,0,0,0,0,,,,,,,1,40.0,40.0,40.0,0,1,0,1,1,4,2,0.75,0.05,0.1,0.075,"['drehen', 'fräsen']"
CMod_00000177816-A,5,3,0,2,0,0,2,0,1,0.5,0.5,0.5,,,,1,10.0,10.0,10.0,0,1,0,1,0,4,1,0.75,0.03,0.1,0.0825,['fräsen']
CMod_00000185896-A,20,12,2,6,0,0,0,0,0,,,,,,,1,100.0,100.0,100.0,0,1,0,1,1,5,3,0.8,0.1,0.5,0.26,['fräsen']
CMod_00000188557-A,18,12,0,2,4,0,0,0,0,,,,,,,0,,,,0,0,0,0,0,0,0,0.0,,,,"['drehen', 'fräsen']"
CMod_00000192600-A,22,14,0,6,2,0,0,0,0,,,,,,,0,,,,0,0,0,0,0,0,0,0.0,,,,"['drehen', 'fräsen']"
CMod_00000193504-A,20,15,0,4,1,0,0,0,0,,,,,,,2,25.0,100.0,62.5,0,0,0,0,0,0,0,0.0,,,,"['drehen', 'fräsen']"
CMod_00000193623-A,22,16,0,4,2,0,0,0,0,,,,,,,0,,,,0,0,0,0,0,0,0,0.0,,,,"['drehen', 'fräsen']"
CMod_00000196243-A,22,12,3,5,2,0,0,0,0,,,,,,,0,,,,0,1,0,1,1,6,2,0.6666666666666666,0.05,0.1,0.0833333333333333,"['drehen', 'fräsen']"
CMod_00000202547-A,21,16,2,3,0,0,0,0,0,,,,,,,0,,,,0,1,0,0,0,1,0,0.0,0.05,0.05,0.05,['fräsen']
CMod_00000204951-A,52,26,13,7,6,5,3,2,8,0.05,0.25,0.175,0.2,0.5,0.35,4,6.0,25.0,15.5,1,0,0,0,1,12,1,0.9166666666666666,0.03,0.5,0.0841666666666666,"['drehen', 'bohren']"
CMod_00000206099-A,3,3,0,0,0,0,0,0,2,1.0,1.0,1.0,,,,1,100.0,100.0,100.0,0,0,0,0,0,0,0,0.0,,,,[]
CMod_00000210943-A,33,18,9,6,0,0,0,0,0,,,,,,,1,6.3,6.3,6.3,0,1,1,1,1,9,2,0.8888888888888888,0.05,0.1,0.0888888888888888,"['drehen', 'fräsen']"
CMod_00000214851-A,10,5,3,1,1,0,0,2,0,,,,0.5,1.0,0.75,0,,,,0,0,0,1,0,1,1,1.0,1.0,1.0,1.0,['drehen']
CMod_00000215815-A,80,50,15,10,5,0,0,3,2,0.2,0.8,0.5,0.033,0.6,0.2319999999999999,9,16.0,100.0,59.66666666666666,1,1,0,1,1,8,3,0.75,0.2,1.6,0.6000000000000001,['fräsen']
CMod_00000217797-A,10,8,0,2,0,0,0,0,0,,,,,,,0,,,,0,0,0,0,0,0,0,0.0,,,,['fräsen']
CMod_00000219730-A,28,16,1,5,6,0,0,0,4,0.1,0.7,0.3,,,,0,,,,0,1,0,1,1,8,2,0.875,0.08,1.0,0.26625,"['bohren', 'drehen', 'fräsen']"
CMod_00000219731-A,20,12,1,3,4,0,0,1,2,0.2,0.6,0.4,0.1,0.1,0.1,0,,,,0,0,0,1,1,5,2,0.8,0.05,1.0,0.2700000000000001,"['drehen', 'fräsen']"
CMod_00000220160-B,18,8,3,4,3,0,0,0,0,,,,,,,0,,,,0,1,0,1,1,5,2,0.6,0.05,0.1,0.08,"['drehen', 'fräsen']"
CMod_00000220172-A,25,13,5,5,2,0,0,0,0,,,,,,,0,,,,0,1,0,1,1,7,2,0.7142857142857143,0.05,0.1,0.0857142857142857,"['drehen', 'fräsen']"
CMod_00000220222-A,13,8,1,2,2,0,0,0,0,,,,,,,6,40.0,100.0,67.66666666666667,0,1,0,0,1,4,1,0.5,0.2,0.6,0.3999999999999999,"['drehen', 'fräsen']"
CMod_00000220829-A,29,17,7,5,0,0,0,0,0,,,,,,,1,16.0,16.0,16.0,0,1,1,1,0,11,1,0.8181818181818182,0.1,0.1,0.1,"['drehen', 'fräsen']"
CMod_00000223447-A,12,4,6,1,1,0,0,2,0,,,,0.1,0.2,0.15,0,,,,0,1,0,1,1,7,2,0.7142857142857143,0.08,0.2,0.1328571428571428,"['drehen', 'bohren']"
CMod_00000224047-A,60,34,7,8,11,0,0,0,0,,,,,,,0,,,,0,1,1,1,1,18,3,0.9444444444444444,0.05,0.1,0.0833333333333333,['fräsen']
CMod_00000225193-A,15,9,2,3,1,0,0,0,0,,,,,,,1,16.0,16.0,16.0,0,1,1,1,1,6,2,0.8333333333333334,0.05,0.1,0.0916666666666666,"['drehen', 'fräsen']"
CMod_00000236633-A,3,1,2,0,0,0,0,2,0,,,,0.1,0.1,0.1,0,,,,0,1,1,1,1,5,2,0.8,0.008,0.2,0.0832,['drehen']
CMod_00000236884-A,7,6,0,0,1,0,0,0,0,,,,,,,0,,,,0,0,0,1,0,1,1,1.0,0.2,0.2,0.2,"['drehen', 'fräsen']"
CMod_00000237154-A,7,6,0,0,1,0,0,0,0,,,,,,,0,,,,0,0,0,1,0,1,1,1.0,0.2,0.2,0.2,"['drehen', 'fräsen']"
CMod_00000237672-A,14,11,2,0,1,0,0,2,2,0.1,0.4,0.25,0.1,0.5,0.3,3,25.0,63.0,37.66666666666666,0,1,0,0,0,1,0,0.0,0.05,0.05,0.05,['fräsen']
CMod_00000242781-A,3,2,0,1,0,0,0,0,0,,,,,,,1,40.0,40.0,40.0,0,1,0,1,0,2,1,0.5,0.1,0.1,0.1,['drehen']
CMod_00000242864-A,36,27,2,6,1,4,0,0,4,0.05,0.2,0.1375,,,,0,,,,1,1,1,1,1,11,1,0.6363636363636364,0.05,0.5,0.15,"['drehen', 'fräsen']"
CMod_00000242877-A,29,17,7,5,0,1,2,2,3,0.05,0.2,0.15,0.05,0.22,0.135,0,,,,1,1,0,1,1,7,1,0.7142857142857143,0.05,0.5,0.1857142857142857,"['drehen', 'fräsen']"
CMod_00000250074-A,8,6,1,1,0,0,0,1,0,,,,0.3,0.3,0.3,0,,,,0,0,0,0,1,1,2,1.0,2.0,2.0,2.0,['bohren']
CMod_00000254629-A,25,17,2,3,3,0,0,0,0,,,,,,,1,40.0,40.0,40.0,0,1,0,0,1,6,2,0.8333333333333334,0.05,0.1,0.0833333333333333,['drehen']
CMod_00000256193-A,15,10,1,3,1,0,0,0,0,,,,,,,3,16.0,40.0,24.0,0,1,1,1,1,6,2,0.8333333333333334,0.05,0.1,0.0916666666666666,"['drehen', 'fräsen']"
CMod_00000259059-A,7,5,1,1,0,0,0,1,0,,,,0.3,0.3,0.3,0,,,,0,0,0,0,1,1,2,1.0,2.0,2.0,2.0,['fräsen']
CMod_00000264381-A,25,11,7,5,2,0,3,1,2,0.1,0.2,0.15,0.05,0.05,0.05,0,,,,1,0,0,1,0,2,0,0.0,0.05,0.5,0.275,['drehen']
CMod_00000266319-A,7,4,1,2,0,0,0,0,0,,,,,,,0,,,,1,0,0,0,0,1,1,1.0,1.0,1.0,1.0,"['drehen', 'fräsen']"
CMod_00000266640-A,4,3,1,0,0,0,0,0,0,,,,,,,2,100.0,100.0,100.0,0,0,0,0,0,0,0,0.0,,,,['drehen']
CMod_00000276215-A,10,1,2,3,4,0,0,0,0,,,,,,,1,100.0,100.0,100.0,0,1,0,0,1,2,1,0.5,0.3,0.3,0.3,['drehen']
CMod_00000290636-A,9,6,1,1,1,0,0,0,0,,,,,,,0,,,,0,0,0,0,0,0,0,0.0,,,,['fräsen']
CMod_00000310473-A,3,3,0,0,0,0,0,0,0,,,,,,,0,,,,0,0,0,0,0,0,0,0.0,,,,[]
CMod_00000310800-A,3,2,1,0,0,0,0,1,1,0.1,0.1,0.1,0.1,0.1,0.1,0,,,,1,1,1,1,0,5,2,0.8,0.008,0.2,0.0832,['drehen']
CMod_00000310801-A,13,7,4,1,1,2,0,0,1,0.1,0.1,0.1,,,,0,,,,1,1,1,1,1,8,2,0.875,0.08,0.2,0.12875,"['drehen', 'bohren']"
CMod_00000310802-A,22,9,5,3,5,0,0,2,1,0.6,0.6,0.6,0.1,0.2,0.15,0,,,,0,0,0,1,1,5,2,0.8,0.05,1.0,0.27,"['drehen', 'fräsen']"
CMod_00000310803-A,28,14,6,4,4,0,0,3,3,0.4,1.0,0.7999999999999999,0.1,0.4,0.2,0,,,,0,1,0,1,1,8,2,0.875,0.08,1.0,0.29125,"['bohren', 'drehen']"
CMod_00000311786-A,3,1,2,0,0,0,0,0,0,,,,,,,0,,,,0,0,0,0,1,1,1,1.0,0.8,0.8,0.8,['drehen']
CMod_00000311926-A,24,12,7,3,2,0,4,0,4,0.1,0.6,0.275,,,,0,,,,1,0,0,1,0,4,1,0.75,0.01,0.05,0.02,['drehen']
CMod_00000313500-A,10,2,5,1,2,0,0,3,0,,,,0.1,0.5,0.3,0,,,,0,1,0,1,1,8,2,0.75,0.08,0.2,0.14125,"['drehen', 'bohren']"
CMod_00000313752-A,3,1,2,0,0,0,0,2,0,,,,0.1,0.1,0.1,0,,,,0,1,1,1,1,5,2,0.8,0.008,0.2,0.0832,['drehen']
CMod_00000313866-A,26,11,9,3,3,2,3,1,5,0.1,0.2,0.16,0.2,0.2,0.2,0,,,,1,0,0,1,0,5,1,0.8,0.03,0.1,0.046,['drehen']
CMod_00000313946-A,21,11,4,3,3,0,0,2,1,0.7,0.7,0.7,0.1,0.2,0.15,0,,,,0,0,0,1,1,6,2,0.8333333333333334,0.05,1.0,0.2583333333333333,"['drehen', 'fräsen']"
CMod_00000314865-A,21,9,4,8,0,0,2,1,0,,,,0.3,0.3,0.3,0,,,,0,0,0,1,1,7,2,1.0,0.1,0.8,0.2857142857142857,"['drehen', 'fräsen']"
CMod_00000316099-A,30,14,5,5,6,0,0,3,3,0.7,1.0,0.9,0.1,0.4,0.1999999999999999,0,,,,0,1,0,1,1,8,2,1.0,0.08,1.0,0.29125,"['bohren', 'drehen', 'fräsen']"
CMod_00000319507-A,6,5,1,0,0,0,0,0,2,0.2,0.2,0.2,,,,0,,,,0,0,1,1,0,3,1,0.6666666666666666,0.1,0.1,0.1,"['drehen', 'fräsen']"
CMod_00000319987-A,30,23,3,4,0,1,0,0,0,,,,,,,0,,,,0,0,0,0,1,1,3,1.0,0.3,0.3,0.3,['fräsen']
CMod_00000320274-A,16,9,5,2,0,2,1,1,0,,,,1.0,1.0,1.0,0,,,,0,0,0,1,0,3,1,1.0,0.05,0.05,0.05,"['drehen', 'fräsen']"
CMod_00000320736-A,10,6,3,0,1,3,0,0,0,,,,,,,0,,,,0,0,1,0,0,1,1,1.0,0.1,0.1,0.1,['fräsen']
CMod_00000327401-A,7,3,3,1,0,1,1,0,0,,,,,,,0,,,,0,0,0,0,1,1,2,1.0,0.1,0.1,0.1,"['drehen', 'bohren']"
CMod_00000327481-A,20,9,3,3,5,0,0,1,2,0.1,0.6,0.35,0.2,0.2,0.2,0,,,,0,0,0,1,1,5,2,0.8,0.05,1.0,0.27,"['drehen', 'fräsen']"
CMod_00000329023-A,4,3,1,0,0,0,0,0,1,0.15,0.15,0.15,,,,0,,,,0,0,0,1,0,3,2,0.6666666666666666,0.1,0.2,0.1333333333333333,['drehen']
CMod_00000333197-A,17,10,2,5,0,0,1,1,3,0.05,0.33,0.1933333333333333,0.27,0.27,0.27,0,,,,0,1,0,1,1,3,2,0.6666666666666666,0.05,0.1,0.0833333333333333,"['drehen', 'fräsen']"
CMod_00000334913-A,29,11,7,7,4,1,0,0,2,0.1,0.1,0.1,,,,0,,,,1,0,1,1,1,6,3,0.8333333333333334,0.03,0.1,0.08,"['bohren', 'drehen']"
CMod_00000334915-A,15,10,5,0,0,0,0,5,0,,,,0.18,0.27,0.206,0,,,,0,1,0,1,1,7,3,0.8571428571428571,0.05,0.1,0.0928571428571428,['fräsen']
CMod_00000334922-A,3,3,0,0,0,0,0,0,0,,,,,,,0,,,,0,0,1,1,0,3,1,1.0,0.1,0.1,0.1,"['drehen', 'fräsen']"
CMod_00000340230-A,16,10,4,2,0,0,1,3,6,0.1,0.5,0.2666666666666666,0.2,0.5,0.3,0,,,,0,0,0,1,0,5,1,0.8,0.2,0.3,0.24,"['drehen', 'fräsen']"
CMod_00000343387-A,14,11,2,1,0,0,0,0,0,,,,,,,5,16.0,63.0,34.8,0,0,0,0,1,2,3,1.0,0.4,0.4,0.4,['fräsen']
CMod_00000348905-A,23,14,3,3,3,0,1,0,0,,,,,,,0,,,,0,0,0,0,0,0,0,0.0,,,,"['drehen', 'fräsen']"
CMod_00000353861-A,4,4,0,0,0,0,0,0,0,,,,,,,1,63.0,63.0,63.0,0,0,0,0,0,0,0,0.0,,,,['fräsen']
CMod_00000354391-A,14,7,3,3,1,0,2,0,1,0.2,0.2,0.2,,,,3,6.0,25.0,13.666666666666666,0,0,0,1,1,3,1,1.0,0.05,0.1,0.0666666666666666,"['drehen', 'fräsen']"
CMod_00000362264-A,6,3,0,1,2,0,0,0,2,4.0,4.0,4.0,,,,2,63.0,63.0,63.0,0,0,0,0,0,0,0,0.0,,,,[]
CMod_99900009594-A,25,13,8,2,2,1,1,0,0,,,,,,,0,,,,1,0,1,0,0,4,1,1.0,0.1,0.5,0.4,['fräsen']
CMod_99900010673-A,8,6,0,1,1,0,0,0,0,,,,,,,2,100.0,100.0,100.0,0,1,0,1,0,3,2,0.6666666666666666,0.2,0.2,0.2,['fräsen']
CMod_99900010674-A,9,7,0,1,1,0,0,0,0,,,,,,,2,100.0,100.0,100.0,0,1,0,1,0,3,2,0.3333333333333333,0.2,0.2,0.2,['fräsen']
CMod_99900010692-A,16,8,3,3,2,0,0,0,1,0.3,0.3,0.3,,,,0,,,,0,1,0,1,1,3,2,0.6666666666666666,0.2,0.3,0.2333333333333333,"['drehen', 'bohren']"
CMod_99900010693-A,5,5,0,0,0,0,0,0,0,,,,,,,0,,,,0,1,0,1,0,3,1,0.6666666666666666,0.1,0.3,0.2,['drehen']
CMod_99900010694-A,9,7,0,0,2,1,1,0,0,,,,,,,0,,,,0,1,0,1,1,4,2,0.75,0.08,0.2,0.1325,['drehen']
CMod_99900010695-A,6,4,2,0,0,0,1,1,0,,,,0.3,0.3,0.3,0,,,,0,1,0,1,1,3,2,0.6666666666666666,0.2,0.2,0.2,"['drehen', 'bohren']"
CMod_99900010696-A,9,5,2,1,1,0,0,0,1,0.1,0.1,0.1,,,,0,,,,0,1,0,1,0,2,1,0.5,0.2,0.2,0.2,['drehen']
CMod_99900010697-A,10,8,1,1,0,0,0,0,0,,,,,,,0,,,,0,1,0,1,1,3,2,0.6666666666666666,0.05,0.08,0.06,"['drehen', 'bohren']"
CMod_99900010698-A,23,16,0,6,1,1,1,0,2,0.1,0.1,0.1,,,,0,,,,0,1,0,1,1,9,2,0.8888888888888888,0.05,0.1,0.0811111111111111,['drehen']
CMod_99900010700-A,7,6,1,0,0,0,0,0,0,,,,,,,0,,,,0,1,0,1,1,3,2,0.6666666666666666,0.05,0.2,0.11,"['drehen', 'fräsen']"
CMod_99900010701-A,11,8,2,0,1,0,0,0,1,0.1,0.1,0.1,,,,0,,,,0,1,0,1,1,3,2,0.6666666666666666,0.05,0.2,0.11,"['drehen', 'bohren']"
CMod_99900010704-A,7,5,0,1,1,0,1,0,0,,,,,,,0,,,,0,1,0,1,0,2,1,0.5,0.2,0.3,0.25,['drehen']
CMod_99900010712-A,3,3,0,0,0,0,0,0,0,,,,,,,0,,,,0,0,0,0,0,0,0,0.0,,,,['drehen']
CMod_99900010784-A,3,3,0,0,0,0,0,0,0,,,,,,,0,,,,0,0,0,0,0,0,0,0.0,,,,['drehen']
CMod_99900010785-A,9,5,0,3,1,0,0,0,0,,,,,,,0,,,,0,0,0,0,0,0,0,0.0,,,,['fräsen']
CMod_99900010794-A,3,1,2,0,0,0,0,1,0,,,,0.2,0.2,0.2,0,,,,0,1,0,1,0,2,1,0.5,0.2,0.3,0.25,['drehen']
CMod_99900010804-A,20,12,6,2,0,0,1,2,2,0.1,0.1,0.1,0.1,0.2,0.15,3,10.0,50.0,28.33333333333333,1,0,0,1,1,7,1,0.2857142857142857,0.004,0.2,0.0548571428571428,"['drehen', 'fräsen']"
CMod_99990103520-A-Kolben,29,13,8,4,4,1,4,0,0,,,,,,,0,,,,1,0,0,1,0,7,2,0.8571428571428571,0.05,0.1,0.0842857142857143,"['drehen', 'fräsen']"
CMod_99990103521-B,7,2,3,1,1,0,0,0,0,,,,,,,0,,,,0,0,0,1,0,3,1,0.6666666666666666,0.5,1.0,0.7333333333333334,['drehen']
CMod_99990103524-B,23,9,7,3,4,0,1,0,0,,,,,,,0,,,,1,0,0,1,1,8,2,0.875,0.03,0.2,0.11875,"['drehen', 'fräsen']"
CMod_99990103525-D,8,5,0,1,2,0,0,0,0,,,,,,,0,,,,0,0,0,0,0,0,0,0.0,,,,['fräsen']
CMod_99990103529-C,45,24,11,8,2,5,1,0,0,,,,,,,0,,,,1,0,0,1,1,12,2,0.9166666666666666,0.03,0.2,0.0933333333333333,"['drehen', 'fräsen']"
CMod_99990108198-A,10,4,4,0,2,0,0,0,0,,,,,,,1,63.0,63.0,63.0,0,0,0,0,0,0,0,0.0,,,,['drehen']
CMod_99990108226_A,10,6,1,2,1,0,1,0,0,,,,,,,1,100.0,100.0,100.0,0,0,0,0,0,0,0,0.0,,,,['drehen']
CMod_99990108227-A,17,8,6,3,0,0,2,0,1,0.1,0.1,0.1,,,,2,6.0,6.3,6.15,0,0,0,0,0,0,0,0.0,,,,"['drehen', 'fräsen']"
CMod_99990108232-A,10,5,4,0,1,0,0,0,0,,,,,,,2,16.0,25.0,20.5,0,0,0,0,0,0,0,0.0,,,,"['drehen', 'bohren']"
CMod_99990108237_A,3,2,1,0,0,0,0,0,0,,,,,,,1,6.3,6.3,6.3,0,0,0,0,0,0,0,0.0,,,,['drehen']
CMod_99990108250-A,18,9,4,2,3,2,1,0,1,0.1,0.1,0.1,,,,1,6.3,6.3,6.3,0,0,0,0,0,0,0,0.0,,,,"['drehen', 'fräsen']"
CMod_99990108466-A,3,0,1,2,0,0,0,1,0,,,,0.15,0.15,0.15,0,,,,0,0,0,0,0,1,0,0.0,0.1,0.1,0.1,['drehen']
CMod_99990140462-A,2,1,1,0,0,0,0,1,1,0.6,0.6,0.6,1.0,1.0,1.0,1,100.0,100.0,100.0,0,0,0,0,0,0,0,0.0,,,,['drehen']
CMod_99990181146-A,52,39,13,0,0,0,0,0,0,,,,,,,0,,,,0,0,0,0,0,2,0,0.0,0.1,0.1,0.1,['fräsen']
CoDoc_0000002322-A,5,3,1,0,1,0,0,0,3,0.1,2.0,0.8666666666666667,,,,5,10.0,10.0,10.0,0,0,1,1,0,4,1,0.75,0.05,0.1,0.0875,['drehen']
CoDoc_0000002323-A,5,3,1,0,1,0,0,0,3,0.05,2.0,0.7166666666666667,,,,5,10.0,10.0,10.0,0,0,1,1,0,4,1,0.75,0.05,0.1,0.0875,['drehen']
CoDoc_0000002457-A,11,7,1,1,2,0,0,0,0,,,,,,,0,,,,0,0,0,0,0,0,0,0.0,,,,['bohren']
CoDoc_0000002461-A,13,9,2,1,1,0,0,0,0,,,,,,,0,,,,0,0,0,0,0,0,0,0.0,,,,['bohren']
CoDoc_0000002489-A,6,4,0,1,1,0,0,0,0,,,,,,,0,,,,0,0,0,0,0,0,0,0.0,,,,['drehen']
CoDoc_0000002535-A,8,7,1,0,0,0,0,0,0,,,,,,,0,,,,0,0,0,0,0,0,0,0.0,,,,['bohren']
CoDoc_0000002584-A,8,7,1,0,0,0,0,0,0,,,,,,,0,,,,0,0,0,0,0,0,0,0.0,,,,['bohren']
CoDoc_0000002612-A,12,9,1,0,2,0,0,0,0,,,,,,,0,,,,0,0,0,0,0,0,0,0.0,,,,['bohren']
CoDoc_0000002660-A,11,7,1,1,2,0,0,0,0,,,,,,,0,,,,0,0,0,0,0,0,0,0.0,,,,['bohren']
CoDoc_0000002661-A,12,9,1,0,2,0,0,0,0,,,,,,,0,,,,0,0,0,0,0,0,0,0.0,,,,['bohren']
CoDoc_0000002662-A,13,10,1,0,2,0,0,0,0,,,,,,,0,,,,0,0,0,0,0,0,0,0.0,,,,['bohren']
CoDoc_0000002663-A,11,8,1,0,2,0,0,0,0,,,,,,,0,,,,0,0,0,0,0,0,0,0.0,,,,['bohren']
CoDoc_0000002667-A,24,18,2,0,4,0,0,0,0,,,,,,,0,,,,0,0,0,0,0,0,0,0.0,,,,['bohren']
CoDoc_0000002669-A,12,9,1,0,2,0,0,0,0,,,,,,,0,,,,0,0,0,0,0,0,0,0.0,,,,['bohren']
CoDoc_0000002676-A,12,8,1,1,2,0,0,0,0,,,,,,,0,,,,0,0,0,0,0,0,0,0.0,,,,['bohren']
CoDoc_0000002690-A,13,9,2,2,0,0,0,0,0,,,,,,,0,,,,0,0,0,0,0,0,0,0.0,,,,['bohren']
CoDoc_0000002693-A,16,11,2,1,2,0,0,0,0,,,,,,,0,,,,0,0,0,0,0,0,0,0.0,,,,['bohren']
CoDoc_0000002698-A,12,8,2,2,0,0,0,0,0,,,,,,,0,,,,0,0,0,0,0,0,0,0.0,,,,['bohren']
CoDoc_0000002718-A,11,8,1,0,2,0,0,0,0,,,,,,,0,,,,0,0,0,0,0,0,0,0.0,,,,['bohren']
CoDoc_0000002722-A,2,1,0,0,1,0,0,0,0,,,,,,,0,,,,0,0,0,0,0,0,0,0.0,,,,"['bohren', 'fräsen']"
CoDoc_0000002753-A,9,6,1,1,1,0,0,0,0,,,,,,,0,,,,0,0,0,0,0,0,0,0.0,,,,['bohren']
CoDoc_0000002757-A,0,0,0,0,0,0,0,0,0,,,,,,,0,,,,0,0,0,0,0,0,0,0.0,,,,['bohren']
CoDoc_0000002772-A,10,7,1,1,1,0,0,0,0,,,,,,,0,,,,0,0,0,0,0,0,0,0.0,,,,['bohren']
CoDoc_0000002796-A,8,7,1,0,0,0,0,0,0,,,,,,,0,,,,0,0,0,0,0,0,0,0.0,,,,['bohren']
CoDoc_0000002798-A,7,6,1,0,0,0,0,0,0,,,,,,,0,,,,0,0,0,0,0,0,0,0.0,,,,['bohren']
CoDoc_0000002805-A,7,5,1,1,0,0,0,0,0,,,,,,,0,,,,0,0,0,0,0,0,0,0.0,,,,['bohren']
CoDoc_0000002806-A,7,5,1,1,0,0,0,0,0,,,,,,,0,,,,0,0,0,0,0,0,0,0.0,,,,['bohren']
CoDoc_0000002812-A,13,10,0,2,1,0,0,0,0,,,,,,,0,,,,0,0,0,0,0,0,0,0.0,,,,['bohren']
CoDoc_0000002834-A,7,6,1,0,0,0,0,0,0,,,,,,,0,,,,0,0,0,0,0,0,0,0.0,,,,['bohren']
CoDoc_0000002942-A,8,6,1,1,0,0,0,0,0,,,,,,,0,,,,0,0,0,0,0,0,0,0.0,,,,['bohren']
CoDoc_0000002950-A,12,8,1,1,2,0,0,0,0,,,,,,,0,,,,0,0,0,0,0,0,0,0.0,,,,['bohren']
CoDoc_0000003003-A,0,0,0,0,0,0,0,0,0,,,,,,,0,,,,0,0,0,0,0,0,0,0.0,,,,['fräsen']
CoDoc_0000003073-A,7,6,1,0,0,0,0,0,0,,,,,,,0,,,,0,0,0,0,0,0,0,0.0,,,,['bohren']
CoDoc_0000003090-A,20,13,2,1,4,0,0,0,0,,,,,,,0,,,,0,0,0,0,0,0,0,0.0,,,,['bohren']
CoDoc_0000003094-A,11,7,1,1,2,0,0,0,0,,,,,,,0,,,,0,0,0,0,0,0,0,0.0,,,,['bohren']
CoDoc_0000003099-A,12,8,1,1,2,0,0,0,0,,,,,,,0,,,,0,0,0,0,0,0,0,0.0,,,,['bohren']
CoDoc_0000003100-A,11,8,1,0,2,0,0,0,0,,,,,,,0,,,,0,0,0,0,0,0,0,0.0,,,,['bohren']
CoDoc_0000003101-A,12,8,1,1,2,0,0,0,0,,,,,,,0,,,,0,0,0,0,0,0,0,0.0,,,,['bohren']
CoDoc_0000003102-A,11,8,1,0,2,0,0,0,0,,,,,,,0,,,,0,0,0,0,0,0,0,0.0,,,,['bohren']
CoDoc_0000003105-A,12,9,1,0,2,0,0,0,0,,,,,,,0,,,,0,0,0,0,0,0,0,0.0,,,,['bohren']
CoDoc_0000003115-A,8,6,1,1,0,0,0,0,0,,,,,,,0,,,,0,0,0,0,0,0,0,0.0,,,,['bohren']
CoDoc_0000003150-A,9,5,1,1,2,0,0,0,0,,,,,,,0,,,,0,0,0,0,0,0,0,0.0,,,,['bohren']
CoDoc_0000003156-A,12,9,1,0,2,0,0,0,0,,,,,,,0,,,,0,0,0,0,0,0,0,0.0,,,,['bohren']
CoDoc_0000003251-A,2,1,0,0,1,0,0,0,0,,,,,,,0,,,,0,0,0,0,0,0,0,0.0,,,,['bohren']
CoDoc_0000003260-A,9,7,1,0,1,0,0,0,0,,,,,,,0,,,,0,0,0,0,0,0,0,0.0,,,,['bohren']
CoDoc_0000003266-A,10,7,1,1,1,0,0,0,0,,,,,,,0,,,,0,0,0,0,0,0,0,0.0,,,,['bohren']
CoDoc_0000003388-A,10,7,1,1,1,0,0,0,0,,,,,,,0,,,,0,0,0,0,0,0,0,0.0,,,,['bohren']
CoDoc_0000003482-A,3,3,0,0,0,0,0,0,0,,,,,,,0,,,,0,0,0,1,0,2,1,1.0,0.2,0.2,0.2,['drehen']
CoDoc_0000003483-A,11,10,1,0,0,0,0,0,0,,,,,,,0,,,,1,0,0,0,0,1,1,1.0,0.2,0.2,0.2,['drehen']
CoDoc_0000003484-A,11,11,0,0,0,0,0,0,0,,,,,,,0,,,,1,0,0,0,0,1,1,1.0,0.2,0.2,0.2,['drehen']
CoDoc_0000003552-A,10,7,1,1,1,0,0,0,0,,,,,,,0,,,,0,0,0,0,0,0,0,0.0,,,,['bohren']
CoDoc_0000003619-A,8,6,1,1,0,0,0,0,0,,,,,,,0,,,,0,0,0,0,0,0,0,0.0,,,,['bohren']
CoDoc_0000003620-A,10,8,1,0,1,0,0,0,0,,,,,,,0,,,,0,0,0,0,0,0,0,0.0,,,,['bohren']
CoDoc_0000003624-A,10,8,1,0,1,0,0,0,0,,,,,,,0,,,,0,0,0,0,0,0,0,0.0,,,,['bohren']
CoDoc_0000003643-A,11,9,1,0,1,0,0,0,0,,,,,,,0,,,,0,0,0,0,0,0,0,0.0,,,,['bohren']
CoDoc_0000003736-A,7,6,1,0,0,0,0,0,0,,,,,,,0,,,,0,0,0,0,0,0,0,0.0,,,,['bohren']
CoDoc_0000003774-A,26,18,0,8,0,0,0,0,0,,,,,,,0,,,,0,0,0,0,0,0,0,0.0,,,,"['bohren', 'fräsen']"
CoDoc_0000003791-A,6,5,0,1,0,0,0,0,0,,,,,,,0,,,,0,0,0,0,0,0,0,0.0,,,,[]
CoDoc_0000003812-A,6,4,0,1,1,0,0,0,0,,,,,,,0,,,,0,0,0,0,0,0,0,0.0,,,,[]
CoDoc_0000003814-A,6,5,1,0,0,0,0,0,0,,,,,,,0,,,,0,0,0,0,0,0,0,0.0,,,,['bohren']
CoDoc_0000003823-A,6,5,0,1,0,0,0,0,0,,,,,,,0,,,,0,0,0,0,0,0,0,0.0,,,,[]
CoDoc_0000003848-A,10,7,1,1,1,0,0,0,0,,,,,,,0,,,,0,0,0,0,0,0,0,0.0,,,,['bohren']
CoDoc_0000003867-A,7,5,1,1,0,0,0,0,0,,,,,,,0,,,,0,0,0,0,0,0,0,0.0,,,,['bohren']
CoDoc_0000003882-B,8,5,1,2,0,0,0,0,0,,,,,,,0,,,,0,0,0,0,0,0,0,0.0,,,,['bohren']
CoDoc_0000003950-A,7,5,0,1,1,0,0,0,0,,,,,,,0,,,,0,0,0,0,0,0,0,0.0,,,,[]
CoDoc_0000004001-A,8,7,1,0,0,0,0,0,0,,,,,,,0,,,,0,0,0,0,0,0,0,0.0,,,,['bohren']
CoDoc_0000004225-A,7,5,1,1,0,0,0,0,0,,,,,,,0,,,,0,0,0,0,0,0,0,0.0,,,,['bohren']
CoDoc_0000004320-A,6,4,1,1,0,0,0,0,0,,,,,,,0,,,,0,0,0,0,0,0,0,0.0,,,,['drehen']
CoDoc_0000004390-A,8,7,1,0,0,0,0,0,0,,,,,,,0,,,,0,0,0,0,0,0,0,0.0,,,,['bohren']
CoDoc_0000004399-A,6,5,1,0,0,0,0,0,0,,,,,,,0,,,,0,0,0,0,0,0,0,0.0,,,,['bohren']
CoDoc_0000004426-A,8,6,1,1,0,0,0,0,0,,,,,,,0,,,,0,0,0,0,0,0,0,0.0,,,,['bohren']
CoDoc_0000004437-A,12,7,1,2,2,0,0,0,0,,,,,,,0,,,,0,0,0,0,0,0,0,0.0,,,,['fräsen']
CoDoc_0000004445-A,11,8,0,2,1,0,0,0,0,,,,,,,0,,,,0,0,0,0,0,0,0,0.0,,,,[]
CoDoc_0000004449-A,4,3,0,0,1,0,0,0,0,,,,,,,0,,,,0,0,0,0,0,0,0,0.0,,,,[]
CoDoc_0000004492-A,12,10,0,1,1,0,0,0,0,,,,,,,0,,,,0,0,0,0,0,0,0,0.0,,,,[]
CoDoc_0000004500-A,11,8,0,3,0,0,0,0,0,,,,,,,0,,,,0,0,0,0,0,0,0,0.0,,,,['fräsen']
CoDoc_0000004523-A,8,6,1,1,0,0,0,0,0,,,,,,,0,,,,0,0,0,0,0,0,0,0.0,,,,['bohren']
CoDoc_0000004556-A,6,4,0,0,2,0,0,0,0,,,,,,,0,,,,0,0,0,0,0,0,0,0.0,,,,[]
CoDoc_0000004589-A,4,2,2,0,0,0,0,0,0,,,,,,,0,,,,0,0,0,0,0,0,0,0.0,,,,['drehen']
CoDoc_0000004684-A,8,7,1,0,0,0,0,0,0,,,,,,,0,,,,0,0,0,0,0,0,0,0.0,,,,['bohren']
CoDoc_0000004717-A,14,10,2,0,2,0,0,0,0,,,,,,,0,,,,0,0,0,0,0,0,0,0.0,,,,['bohren']
CoDoc_0000004791-A,10,7,1,2,0,0,0,0,0,,,,,,,0,,,,0,0,0,0,0,0,0,0.0,,,,['bohren']
CoDoc_0000004809-A,8,7,1,0,0,0,0,0,0,,,,,,,0,,,,0,0,0,0,0,0,0,0.0,,,,['bohren']
CoDoc_0000004813-A,8,7,1,0,0,0,0,0,0,,,,,,,0,,,,0,0,0,0,0,0,0,0.0,,,,['bohren']
CoDoc_0000004843-A,9,8,1,0,0,0,0,0,0,,,,,,,0,,,,0,0,0,0,0,0,0,0.0,,,,['bohren']
CoDoc_0000004868-A,3,1,2,0,0,0,0,0,0,,,,,,,0,,,,0,0,0,0,0,0,0,0.0,,,,['drehen']
CoDoc_0000004870-A,3,1,2,0,0,0,0,0,0,,,,,,,0,,,,0,0,0,0,0,0,0,0.0,,,,['drehen']
CoDoc_0000004876-A,3,1,2,0,0,0,0,0,0,,,,,,,0,,,,0,0,0,0,0,0,0,0.0,,,,['drehen']
CoDoc_0000004881-A,3,1,2,0,0,0,0,0,0,,,,,,,0,,,,0,0,0,0,0,0,0,0.0,,,,['drehen']
CoDoc_0000004936-A,8,7,1,0,0,0,0,0,0,,,,,,,0,,,,0,0,0,0,0,0,0,0.0,,,,['bohren']
CoDoc_0000004968-A,8,8,0,0,0,0,0,0,0,,,,,,,0,,,,0,0,0,0,0,0,0,0.0,,,,['bohren']
CoDoc_0000005122-A,8,4,2,0,2,0,0,0,0,,,,,,,0,,,,0,0,0,0,0,0,0,0.0,,,,['drehen']
CoDoc_0000005194-A,10,8,1,1,0,0,0,0,0,,,,,,,0,,,,0,0,0,0,0,0,0,0.0,,,,['bohren']
CoDoc_0000005213-A,11,10,1,0,0,0,0,0,0,,,,,,,0,,,,0,0,0,0,0,0,0,0.0,,,,['bohren']
CoDoc_0000005215-A,10,8,1,0,1,0,0,0,0,,,,,,,0,,,,0,0,0,0,0,0,0,0.0,,,,['bohren']
CoDoc_0000005231-A,8,7,0,1,0,0,0,0,0,,,,,,,0,,,,0,0,0,0,0,0,0,0.0,,,,['bohren']
CoDoc_0000005249-A,16,13,0,1,2,0,0,0,0,,,,,,,0,,,,0,0,0,0,0,0,0,0.0,,,,['drehen']
CoDoc_0000005257-A,3,1,2,0,0,0,0,0,0,,,,,,,0,,,,0,0,0,0,0,0,0,0.0,,,,['drehen']
CoDoc_0000005277-A,8,7,1,0,0,0,0,0,0,,,,,,,0,,,,0,0,0,0,0,0,0,0.0,,,,['bohren']
CoDoc_0000005285-A,3,1,2,0,0,0,0,0,0,,,,,,,0,,,,0,0,0,0,0,0,0,0.0,,,,['drehen']
CoDoc_0000005328-A,2,1,0,0,1,0,0,0,0,,,,,,,0,,,,0,0,0,0,0,0,0,0.0,,,,['bohren']
CoDoc_0000005358-A,13,7,2,2,2,0,0,0,0,,,,,,,0,,,,0,0,0,0,0,0,0,0.0,,,,['bohren']
CoDoc_0000005366-A,12,9,0,3,0,0,0,0,0,,,,,,,0,,,,0,0,0,0,0,0,0,0.0,,,,['fräsen']
CoDoc_0000005403-A,7,6,1,0,0,0,0,0,0,,,,,,,0,,,,0,0,0,0,0,0,0,0.0,,,,['bohren']
CoDoc_0000005410-A,7,4,1,1,1,0,0,0,0,,,,,,,0,,,,0,0,0,0,0,0,0,0.0,,,,['bohren']
CoDoc_0000005414-A,7,6,1,0,0,0,0,0,0,,,,,,,0,,,,0,0,0,0,0,0,0,0.0,,,,['bohren']
CoDoc_0000005426-A,8,7,1,0,0,0,0,0,0,,,,,,,0,,,,0,0,0,0,0,0,0,0.0,,,,['bohren']
CoDoc_0000005560-A,2,1,0,0,1,0,0,0,0,,,,,,,0,,,,0,0,0,0,0,0,0,0.0,,,,['bohren']
CoDoc_0000005564-A,11,9,1,0,1,0,0,0,0,,,,,,,0,,,,0,0,0,0,0,0,0,0.0,,,,['bohren']
CoDoc_0000005595-A,10,5,3,0,2,0,0,0,0,,,,,,,0,,,,0,0,0,0,0,0,0,0.0,,,,['drehen']
CoDoc_0000005619-A,10,8,1,0,1,0,0,0,0,,,,,,,0,,,,0,0,0,0,0,0,0,0.0,,,,['bohren']
CoDoc_0000005645-A,1,1,0,0,0,0,0,0,0,,,,,,,0,,,,0,0,0,0,0,0,0,0.0,,,,['drehen']
CoDoc_0000005815-A,7,6,1,0,0,0,0,0,0,,,,,,,0,,,,0,0,0,0,0,0,0,0.0,,,,['bohren']
CoDoc_0000005829-A,7,6,1,0,0,0,0,0,0,,,,,,,0,,,,0,0,0,0,0,0,0,0.0,,,,['bohren']
CoDoc_0000005838-A,10,8,1,0,1,0,0,0,0,,,,,,,0,,,,0,0,0,0,0,0,0,0.0,,,,['bohren']
CoDoc_0000005846-A,8,7,1,0,0,0,0,0,0,,,,,,,0,,,,0,0,0,0,0,0,0,0.0,,,,['bohren']
CoDoc_0000005847-A,10,8,1,0,1,0,0,0,0,,,,,,,0,,,,0,0,0,0,0,0,0,0.0,,,,['bohren']
CoDoc_0000005876-A,8,7,1,0,0,0,0,0,0,,,,,,,0,,,,0,0,0,0,0,0,0,0.0,,,,['bohren']
CoDoc_0000006035-A,9,7,1,0,1,0,0,0,0,,,,,,,0,,,,0,0,0,0,0,0,0,0.0,,,,['bohren']
CoDoc_0000006057-A,5,3,0,1,1,0,0,0,0,,,,,,,1,63.0,63.0,63.0,0,1,0,1,0,2,1,0.5,2.0,2.0,2.0,[]
CoDoc_0000006058-A,4,3,0,1,0,0,0,0,0,,,,,,,1,63.0,63.0,63.0,0,1,0,1,0,2,1,0.5,2.0,2.0,2.0,[]
CoDoc_0000006060-A,8,7,1,0,0,0,0,0,0,,,,,,,0,,,,0,1,0,1,1,4,3,0.75,0.4,1.0,0.6,['bohren']
CoDoc_0000006061-A,7,6,1,0,0,0,0,0,0,,,,,,,0,,,,0,1,0,1,1,4,3,0.75,0.4,1.0,0.6,['bohren']
CoDoc_0000006076-A,13,8,0,4,1,0,0,0,0,,,,,,,0,,,,0,0,0,0,0,0,0,0.0,,,,[]
CoDoc_0000006096-A,7,6,1,0,0,0,0,0,0,,,,,,,0,,,,0,0,0,0,0,0,0,0.0,,,,['bohren']
CoDoc_0000006114-A,6,6,0,0,0,0,0,0,0,,,,,,,0,,,,0,0,0,0,0,0,0,0.0,,,,['bohren']
CoDoc_0000006144-A,8,7,1,0,0,0,0,0,0,,,,,,,0,,,,0,0,0,0,0,0,0,0.0,,,,['bohren']
CoDoc_0000006152-A,11,9,0,2,0,1,0,0,0,,,,,,,0,,,,0,0,0,0,0,0,0,0.0,,,,['drehen']
CoDoc_0000006162-A,9,7,1,0,1,0,0,0,0,,,,,,,0,,,,0,0,0,0,0,0,0,0.0,,,,['bohren']
CoDoc_0000006163-A,3,3,0,0,0,0,1,0,0,,,,,,,0,,,,0,0,0,0,0,0,0,0.0,,,,['drehen']
CoDoc_0000006190-A,8,7,1,0,0,0,0,0,0,,,,,,,0,,,,0,0,0,0,0,0,0,0.0,,,,['bohren']
CoDoc_0000006196-A,7,6,1,0,0,0,0,0,0,,,,,,,0,,,,0,0,0,0,0,0,0,0.0,,,,['bohren']
CoDoc_0000006197-A,7,6,1,0,0,0,0,0,0,,,,,,,0,,,,0,0,0,0,0,0,0,0.0,,,,['bohren']
CoDoc_0000006226-A,9,7,1,1,0,0,0,0,0,,,,,,,0,,,,0,0,0,0,0,0,0,0.0,,,,['bohren']
CoDoc_0000006340-A,9,6,1,1,1,0,0,0,0,,,,,,,0,,,,0,0,0,0,0,0,0,0.0,,,,['bohren']
CoDoc_0000006366-A,3,1,2,0,0,0,0,0,0,,,,,,,0,,,,0,0,0,0,0,0,0,0.0,,,,['drehen']
CoDoc_0000006378-A,10,7,1,2,0,0,0,0,0,,,,,,,0,,,,0,0,0,0,0,0,0,0.0,,,,['bohren']
CoDoc_0000006379-A,3,3,0,0,0,0,0,0,0,,,,,,,0,,,,0,0,0,0,0,0,0,0.0,,,,['drehen']
CoDoc_0000006438-A,8,7,1,0,0,0,0,0,0,,,,,,,0,,,,0,0,0,0,0,0,0,0.0,,,,['bohren']
CoDoc_0000006460-A,7,6,1,0,0,0,0,0,0,,,,,,,0,,,,0,0,0,0,0,0,0,0.0,,,,['bohren']
CoDoc_0000006497-A,8,7,0,1,0,0,0,0,0,,,,,,,0,,,,0,0,0,0,0,0,0,0.0,,,,"['bohren', 'drehen']"
CoDoc_0000006501-A,5,3,0,1,1,0,0,0,0,,,,,,,1,63.0,63.0,63.0,0,1,0,1,0,2,1,0.5,2.0,2.0,2.0,[]
CoDoc_0000006502-A,5,3,0,1,1,0,0,0,0,,,,,,,1,63.0,63.0,63.0,0,1,0,1,0,2,1,0.5,2.0,2.0,2.0,[]
CoDoc_0000006503-A,5,3,0,1,1,0,0,0,0,,,,,,,1,63.0,63.0,63.0,0,1,0,1,0,2,1,0.5,2.0,2.0,2.0,[]
CoDoc_0000006508-A,6,5,0,0,1,0,0,0,0,,,,,,,0,,,,0,0,0,0,0,0,0,0.0,,,,[]
CoDoc_0000006516-A,7,6,1,0,0,0,0,0,0,,,,,,,0,,,,0,0,0,0,0,0,0,0.0,,,,['bohren']
CoDoc_0000006524-A,8,6,1,1,0,0,0,0,0,,,,,,,0,,,,0,0,0,0,0,0,0,0.0,,,,['bohren']
CoDoc_0000006754-A,7,6,1,0,0,0,0,0,0,,,,,,,0,,,,0,0,0,0,0,0,0,0.0,,,,['bohren']
CoDoc_0000006755-A,10,8,1,0,1,0,0,0,0,,,,,,,0,,,,0,0,0,0,0,0,0,0.0,,,,['bohren']
CoDoc_0000006764-A,8,7,1,0,0,0,0,0,0,,,,,,,0,,,,0,0,0,0,0,0,0,0.0,,,,['bohren']
CoDoc_0000006782-A,7,6,1,0,0,0,0,0,0,,,,,,,0,,,,0,0,0,0,0,0,0,0.0,,,,['bohren']
CoDoc_0000006818-A,8,7,1,0,0,0,0,0,0,,,,,,,0,,,,0,0,0,0,0,0,0,0.0,,,,['bohren']
CoDoc_0000006820-A,9,8,1,0,0,0,0,0,0,,,,,,,0,,,,0,0,0,0,0,0,0,0.0,,,,['bohren']
CoDoc_0000006821-A,8,7,1,0,0,0,0,0,0,,,,,,,0,,,,0,0,0,0,0,0,0,0.0,,,,['bohren']
CoDoc_0000006901-A,10,8,1,1,0,0,0,0,0,,,,,,,0,,,,0,0,0,0,0,0,0,0.0,,,,['bohren']
CoDoc_0000006939-A,24,18,1,3,2,0,0,0,0,,,,,,,0,,,,0,0,0,0,0,0,0,0.0,,,,"['drehen', 'fräsen']"
CoDoc_0000006961-A,3,1,2,0,0,0,0,0,0,,,,,,,0,,,,0,0,0,0,0,0,0,0.0,,,,['drehen']
CoDoc_0000006973-A,3,1,2,0,0,0,0,0,0,,,,,,,0,,,,0,0,0,0,0,0,0,0.0,,,,['drehen']
CoDoc_0000006985-A,3,1,2,0,0,0,0,0,0,,,,,,,0,,,,0,0,0,0,0,0,0,0.0,,,,['drehen']
CoDoc_0000007000-A,9,8,1,0,0,0,0,0,0,,,,,,,0,,,,0,0,0,0,0,0,0,0.0,,,,['bohren']
CoDoc_0000007020-A,17,6,2,6,3,0,0,0,0,,,,,,,0,,,,0,0,0,0,0,0,0,0.0,,,,['fräsen']
CoDoc_0000007056-A,8,6,1,1,0,0,0,0,0,,,,,,,0,,,,0,0,0,0,0,0,0,0.0,,,,['bohren']
CoDoc_0000007077-A,7,3,4,0,0,0,0,0,0,,,,,,,0,,,,0,0,0,0,0,0,0,0.0,,,,['drehen']
CoDoc_0000007128-A,7,6,0,0,1,0,0,0,0,,,,,,,0,,,,0,0,0,0,0,0,0,0.0,,,,['bohren']
CoDoc_0000007153-A,9,5,4,0,0,0,0,0,0,,,,,,,0,,,,0,0,0,0,0,0,0,0.0,,,,['drehen']
CoDoc_0000007164-A,19,16,3,0,0,0,0,0,0,,,,,,,0,,,,0,0,0,0,0,0,0,0.0,,,,['fräsen']
CoDoc_0000007171-A,17,14,3,0,0,0,0,0,0,,,,,,,0,,,,0,0,0,0,0,0,0,0.0,,,,['fräsen']
CoDoc_0000007290-A,9,8,1,0,0,0,0,0,0,,,,,,,0,,,,0,0,0,0,0,0,0,0.0,,,,['bohren']
CoDoc_0000007367-A,10,9,1,0,0,0,0,0,0,,,,,,,0,,,,0,0,0,0,0,0,0,0.0,,,,['bohren']
CoDoc_0000007368-A,8,7,1,0,0,0,0,0,0,,,,,,,0,,,,0,0,0,0,0,0,0,0.0,,,,['bohren']
CoDoc_0000007466-A,12,8,1,1,2,0,0,0,0,,,,,,,0,,,,0,0,0,0,0,0,0,0.0,,,,['bohren']
CoDoc_0000007481-A,10,7,1,0,2,0,0,0,0,,,,,,,0,,,,0,0,0,0,0,0,0,0.0,,,,['bohren']
CoDoc_0000007558-A,10,7,1,1,1,0,0,0,0,,,,,,,0,,,,0,0,0,0,0,0,0,0.0,,,,['bohren']
CoDoc_0000007593-A,3,2,1,0,0,0,0,0,0,,,,,,,0,,,,0,0,0,0,0,0,0,0.0,,,,['bohren']
CoDoc_0000007805-A,10,8,1,0,1,0,0,0,0,,,,,,,0,,,,0,0,0,0,0,0,0,0.0,,,,['bohren']
CoDoc_0000007829-A,8,6,0,1,1,0,0,0,0,,,,,,,0,,,,0,0,0,0,0,0,0,0.0,,,,['drehen']
CoDoc_0000007836-B,5,4,1,0,0,0,0,0,0,,,,,,,0,,,,0,0,0,0,0,0,0,0.0,,,,['bohren']
CoDoc_0000007842-B,7,6,1,0,0,0,0,0,0,,,,,,,0,,,,0,0,0,0,0,0,0,0.0,,,,['bohren']
CoDoc_0000007863-A,7,6,1,0,0,0,0,0,0,,,,,,,0,,,,0,0,0,0,0,0,0,0.0,,,,['bohren']
CoDoc_0000007875-A,10,8,1,0,1,0,0,0,0,,,,,,,0,,,,0,0,0,0,0,0,0,0.0,,,,['bohren']
CoDoc_0000007905-A,5,4,1,0,0,0,0,0,0,,,,,,,0,,,,0,0,0,0,0,0,0,0.0,,,,['bohren']
CoDoc_0000007907-A,5,4,1,0,0,0,0,0,0,,,,,,,0,,,,0,0,0,0,0,0,0,0.0,,,,['bohren']
CoDoc_0000007908-A,5,4,1,0,0,0,0,0,0,,,,,,,0,,,,0,0,0,0,0,0,0,0.0,,,,['bohren']
CoDoc_0000007909-A,7,6,1,0,0,0,0,0,0,,,,,,,0,,,,0,0,0,0,0,0,0,0.0,,,,['bohren']
CoDoc_0000007915-A,9,9,0,0,0,0,0,0,0,,,,,,,0,,,,0,0,0,0,0,0,0,0.0,,,,['bohren']
CoDoc_0000007917-A,11,9,1,1,0,0,0,0,0,,,,,,,0,,,,0,0,1,0,0,1,1,1.0,0.1,0.1,0.1,"['bohren', 'drehen']"
CoDoc_0000007931-A,11,9,2,0,0,0,0,0,0,,,,,,,0,,,,0,0,0,0,0,0,0,0.0,,,,"['bohren', 'drehen']"
CoDoc_0000007954-A,11,6,3,1,1,0,0,0,0,,,,,,,0,,,,0,0,1,1,1,4,1,1.0,0.05,0.1,0.0875,"['bohren', 'drehen']"
CoDoc_0000007975-A,10,7,1,2,0,0,0,0,0,,,,,,,0,,,,0,0,0,0,0,0,0,0.0,,,,['bohren']
CoDoc_0000007986-A,6,4,1,0,1,0,0,0,0,,,,,,,0,,,,0,0,0,0,0,0,0,0.0,,,,['bohren']
CoDoc_0000008016-A,7,5,1,0,1,0,0,0,0,,,,,,,0,,,,0,0,0,0,0,0,0,0.0,,,,['bohren']
CoDoc_0000008022-A,6,5,1,0,0,0,0,0,0,,,,,,,0,,,,0,0,0,0,0,0,0,0.0,,,,['bohren']
CoDoc_0000008161-A,5,4,1,0,0,0,0,0,0,,,,,,,0,,,,0,0,0,0,0,0,0,0.0,,,,['bohren']
CoDoc_0000008181-A,10,8,1,0,1,0,0,0,0,,,,,,,0,,,,0,0,0,0,0,0,0,0.0,,,,['bohren']
CoDoc_0000008305-A,7,6,1,0,0,0,0,0,0,,,,,,,0,,,,0,0,0,0,0,0,0,0.0,,,,['bohren']
CoDoc_0000008306-A,9,6,0,2,1,0,0,0,0,,,,,,,0,,,,0,0,0,0,0,0,0,0.0,,,,[]
CoDoc_0000008307-A,4,3,0,0,1,0,0,0,0,,,,,,,0,,,,0,0,0,0,0,0,0,0.0,,,,[]
CoDoc_0000008323-A,7,3,4,0,0,0,0,0,0,,,,,,,0,,,,0,0,0,0,0,0,0,0.0,,,,"['bohren', 'drehen']"
CoDoc_0000008325-A,7,6,1,0,0,0,0,0,0,,,,,,,0,,,,0,0,0,0,0,0,0,0.0,,,,['bohren']
CoDoc_0000008328-A,7,6,1,0,0,0,0,0,0,,,,,,,0,,,,0,0,0,0,0,0,0,0.0,,,,['bohren']
CoDoc_0000008330-A,13,9,3,0,1,0,0,0,0,,,,,,,0,,,,0,0,0,0,0,0,0,0.0,,,,['bohren']
CoDoc_0000008346-A,6,5,1,0,0,0,0,0,0,,,,,,,0,,,,0,0,0,0,0,0,0,0.0,,,,['bohren']
CoDoc_0000008359-A,7,6,1,0,0,0,0,0,0,,,,,,,0,,,,0,0,0,0,0,0,0,0.0,,,,['bohren']
CoDoc_0000008361-A,7,6,1,0,0,0,0,0,0,,,,,,,0,,,,0,0,0,0,0,0,0,0.0,,,,['bohren']
CoDoc_0000008368-A,7,6,1,0,0,0,0,0,0,,,,,,,0,,,,0,0,0,0,0,0,0,0.0,,,,['bohren']
CoDoc_0000008370-A,7,6,1,0,0,0,0,0,0,,,,,,,0,,,,0,0,0,0,0,0,0,0.0,,,,['bohren']
CoDoc_0000008371-A,7,6,1,0,0,0,0,0,0,,,,,,,0,,,,0,0,0,0,0,0,0,0.0,,,,['bohren']
CoDoc_0000008375-A,13,9,3,0,1,0,0,0,0,,,,,,,0,,,,0,0,0,0,0,0,0,0.0,,,,['bohren']
CoDoc_0000008407-A,9,6,1,1,1,0,0,0,0,,,,,,,0,,,,0,0,0,0,0,0,0,0.0,,,,['bohren']
CoDoc_0000008413-A,9,7,1,0,1,0,0,0,0,,,,,,,0,,,,0,0,0,0,0,0,0,0.0,,,,['bohren']
CoDoc_0000008427-A,8,6,1,1,0,0,0,0,0,,,,,,,0,,,,0,0,0,0,0,0,0,0.0,,,,['bohren']
CoDoc_0000008442-A,10,7,1,0,2,0,0,0,0,,,,,,,0,,,,0,0,0,0,0,0,0,0.0,,,,['bohren']
CoDoc_0000008488-A,8,7,1,0,0,0,0,0,0,,,,,,,0,,,,0,0,0,0,0,0,0,0.0,,,,['bohren']
CoDoc_0000008520-A,8,7,1,0,0,0,0,0,0,,,,,,,0,,,,0,0,0,0,0,0,0,0.0,,,,['bohren']
CoDoc_0000008551-A,8,7,1,0,0,0,0,0,0,,,,,,,0,,,,0,0,0,0,0,0,0,0.0,,,,['bohren']
CoDoc_0000008591-A,11,9,1,1,0,0,0,0,0,,,,,,,0,,,,0,0,0,0,0,0,0,0.0,,,,['fräsen']
CoDoc_0000008609-A,13,11,0,1,1,0,0,0,0,,,,,,,0,,,,0,0,0,0,0,0,0,0.0,,,,['bohren']
CoDoc_0000008643-A,7,7,0,0,0,0,0,0,0,,,,,,,0,,,,0,0,0,0,0,0,0,0.0,,,,[]
CoDoc_0000008710-A,12,7,1,2,2,0,0,0,0,,,,,,,0,,,,0,0,0,0,0,0,0,0.0,,,,['bohren']
CoDoc_0000008738-A,14,10,1,0,3,0,0,0,0,,,,,,,0,,,,0,0,0,0,0,0,0,0.0,,,,['bohren']
CoDoc_0000008754-A,5,2,1,2,0,0,0,0,0,,,,,,,0,,,,0,0,0,0,0,0,0,0.0,,,,['fräsen']
CoDoc_0000008757-A,3,3,0,0,0,0,0,0,0,,,,,,,0,,,,0,0,0,0,0,0,0,0.0,,,,['fräsen']
CoDoc_0000008760-A,11,11,0,0,0,0,0,0,0,,,,,,,1,100.0,100.0,100.0,0,0,0,0,0,0,0,0.0,,,,['fräsen']
CoDoc_0000008761-A,10,7,0,3,0,0,0,0,0,,,,,,,0,,,,0,0,0,0,0,0,0,0.0,,,,['fräsen']
CoDoc_0000008762-A,9,7,0,2,0,0,0,0,0,,,,,,,0,,,,0,0,0,0,0,0,0,0.0,,,,['fräsen']
CoDoc_0000008763-A,17,13,0,4,0,0,0,0,0,,,,,,,0,,,,0,0,0,0,0,0,0,0.0,,,,['fräsen']
CoDoc_0000008764-A,13,12,0,1,0,0,0,0,0,,,,,,,1,100.0,100.0,100.0,0,0,0,0,0,0,0,0.0,,,,['fräsen']
CoDoc_0000008767-A,8,7,1,0,0,0,0,0,0,,,,,,,0,,,,0,0,0,0,0,0,0,0.0,,,,['bohren']
CoDoc_0000008790-A,9,6,0,0,3,0,0,0,0,,,,,,,0,,,,0,0,0,0,0,0,0,0.0,,,,['fräsen']
CoDoc_0000008858-A,8,7,1,0,0,0,0,0,0,,,,,,,0,,,,0,0,0,0,0,0,0,0.0,,,,"['fräsen', 'bohren']"
CoDoc_0000008865-A,8,6,1,1,0,0,0,0,0,,,,,,,0,,,,0,0,0,0,0,0,0,0.0,,,,['bohren']
CoDoc_0000008887-A,8,6,1,1,0,0,0,0,0,,,,,,,0,,,,0,0,0,0,0,0,0,0.0,,,,['bohren']
CoDoc_0000008891-A,14,12,1,1,0,0,0,0,0,,,,,,,0,,,,0,0,0,0,0,0,0,0.0,,,,"['drehen', 'fräsen']"
CoDoc_0000008923-A,11,7,1,3,0,0,0,0,0,,,,,,,0,,,,0,0,0,0,0,0,0,0.0,,,,['bohren']
CoDoc_0000008928-A,10,8,1,0,1,0,0,0,0,,,,,,,0,,,,0,0,0,0,0,0,0,0.0,,,,['bohren']
CoDoc_0000008930-A,11,8,1,1,1,0,0,0,0,,,,,,,0,,,,0,0,0,0,0,0,0,0.0,,,,['bohren']
CoDoc_0000008942-A,8,6,1,1,0,0,0,0,0,,,,,,,0,,,,0,0,0,0,0,0,0,0.0,,,,['bohren']
CoDoc_0000008957-A,2,1,1,0,0,0,0,0,0,,,,,,,0,,,,0,0,0,0,0,0,0,0.0,,,,['drehen']
CoDoc_0000008981-A,9,8,1,0,0,0,0,0,0,,,,,,,0,,,,0,0,0,0,0,0,0,0.0,,,,['bohren']
CoDoc_0000008992-A,8,6,1,1,0,0,0,0,0,,,,,,,0,,,,0,0,0,0,0,0,0,0.0,,,,['bohren']
CoDoc_0000009011-A,30,19,1,8,2,0,1,0,0,,,,,,,0,,,,0,0,0,1,0,1,0,0.0,0.03,0.03,0.03,"['drehen', 'fräsen']"
CoDoc_0000009019-A,20,13,1,1,5,0,0,0,3,0.1,0.2,0.1666666666666666,,,,0,,,,0,0,0,0,0,0,0,0.0,,,,['drehen']
CoDoc_0000009060-A,5,4,1,0,0,0,0,0,0,,,,,,,0,,,,0,0,0,0,0,0,0,0.0,,,,['bohren']
CoDoc_0000009090-A,14,13,1,0,0,0,0,0,0,,,,,,,0,,,,0,0,0,0,0,0,0,0.0,,,,['fräsen']
CoDoc_0000009107-A,14,10,0,0,4,0,0,0,0,,,,,,,0,,,,0,0,0,0,0,0,0,0.0,,,,['fräsen']
CoDoc_0000009130-A,5,5,0,0,0,0,0,0,0,,,,,,,0,,,,0,0,0,0,0,0,0,0.0,,,,[]
CoDoc_0000009146-A,8,6,1,1,0,0,0,0,0,,,,,,,0,,,,0,0,0,0,0,0,0,0.0,,,,['bohren']
CoDoc_0000009149-A,8,7,1,0,0,0,0,0,0,,,,,,,0,,,,0,0,0,0,0,0,0,0.0,,,,['bohren']
CoDoc_0000009151-A,7,6,1,0,0,0,0,0,0,,,,,,,0,,,,0,0,0,0,0,0,0,0.0,,,,['bohren']
CoDoc_0000009155-A,6,3,0,1,2,0,0,0,0,,,,,,,1,63.0,63.0,63.0,0,0,0,0,0,0,0,0.0,,,,[]
CoDoc_0000009157-A,7,6,1,0,0,0,0,0,0,,,,,,,1,100.0,100.0,100.0,0,1,0,1,1,4,1,0.75,0.4,2.0,1.6,"['fräsen', 'bohren']"
CoDoc_0000009165-A,7,3,3,0,1,0,0,0,0,,,,,,,0,,,,0,0,0,0,0,0,0,0.0,,,,['drehen']
CoDoc_0000009187-A,7,6,1,0,0,0,0,0,0,,,,,,,0,,,,0,0,0,0,0,0,0,0.0,,,,['bohren']
CoDoc_0000009199-A,7,6,1,0,0,0,0,0,0,,,,,,,0,,,,0,0,0,0,0,0,0,0.0,,,,['bohren']
CoDoc_0000009200-A,6,5,0,0,1,0,0,0,0,,,,,,,0,,,,0,0,0,0,0,0,0,0.0,,,,[]
CoDoc_0000009201-A,9,5,1,3,0,0,0,0,0,,,,,,,0,,,,0,0,0,0,0,0,0,0.0,,,,['bohren']
CoDoc_0000009214-A,8,7,1,0,0,0,0,0,0,,,,,,,0,,,,0,0,0,0,0,0,0,0.0,,,,['bohren']
CoDoc_0000009216-A,7,6,1,0,0,0,0,0,0,,,,,,,0,,,,0,0,0,0,0,0,0,0.0,,,,['bohren']
CoDoc_0000009230-A,8,6,1,1,0,0,0,0,0,,,,,,,0,,,,0,0,0,0,0,0,0,0.0,,,,['bohren']
CoDoc_0000009248-A,6,4,1,1,0,0,0,0,0,,,,,,,0,,,,0,0,0,0,0,0,0,0.0,,,,['bohren']
CoDoc_0000009250-A,13,8,2,2,1,0,0,0,0,,,,,,,0,,,,0,0,0,0,0,0,0,0.0,,,,['bohren']
CoDoc_0000009253-A,7,5,0,0,2,0,0,0,0,,,,,,,0,,,,0,0,0,0,0,0,0,0.0,,,,[]
CoDoc_0000009260-A,11,10,0,1,0,0,0,0,0,,,,,,,0,,,,0,0,0,0,0,0,0,0.0,,,,['bohren']
CoDoc_0000009261-A,8,6,1,0,1,0,0,0,0,,,,,,,0,,,,0,0,0,0,0,0,0,0.0,,,,['bohren']
CoDoc_0000009266-A,0,0,0,0,0,0,0,0,0,,,,,,,0,,,,0,0,0,0,0,0,0,0.0,,,,[]
CoDoc_0000009269-A,7,5,1,1,0,0,0,0,0,,,,,,,0,,,,0,0,0,0,0,0,0,0.0,,,,['bohren']
CoDoc_0000009271-A,2,2,0,0,0,0,0,0,0,,,,,,,0,,,,0,0,0,0,0,0,0,0.0,,,,['bohren']
CoDoc_0000009311-A,8,6,1,1,0,0,0,0,0,,,,,,,0,,,,0,0,0,0,0,0,0,0.0,,,,['bohren']
CoDoc_0000009320-A,8,6,1,1,0,0,0,0,0,,,,,,,0,,,,0,0,0,0,0,0,0,0.0,,,,['bohren']
CoDoc_0000009331-A,7,5,1,1,0,0,0,0,0,,,,,,,0,,,,0,0,0,0,0,0,0,0.0,,,,['bohren']
CoDoc_0000009354-A,8,7,1,0,0,0,0,0,0,,,,,,,0,,,,0,0,0,0,0,0,0,0.0,,,,['bohren']
CoDoc_0000009376-A,8,7,1,0,0,0,0,0,0,,,,,,,0,,,,0,0,0,0,0,0,0,0.0,,,,['bohren']
CoDoc_0000009468-A,6,5,1,0,0,0,0,0,0,,,,,,,0,,,,0,0,0,0,0,0,0,0.0,,,,['bohren']
CoDoc_0000009506-A,9,8,1,0,0,0,0,0,0,,,,,,,0,,,,0,0,0,0,0,0,0,0.0,,,,['fräsen']
CoDoc_0000009523-A,9,7,1,0,1,0,0,0,0,,,,,,,0,,,,0,1,0,1,0,4,2,0.75,2.0,2.0,2.0,['bohren']
CoDoc_0000009540-A,8,7,1,0,0,0,0,0,0,,,,,,,0,,,,0,0,0,0,0,0,0,0.0,,,,['bohren']
CoDoc_0000009550-A,10,7,1,1,1,0,0,0,0,,,,,,,0,,,,0,0,0,0,0,0,0,0.0,,,,['bohren']
CoDoc_0000009599-A,9,6,1,1,1,0,0,0,0,,,,,,,0,,,,0,0,0,0,0,0,0,0.0,,,,['bohren']
CoDoc_0000009627-A,8,7,1,0,0,0,0,0,0,,,,,,,0,,,,0,0,0,0,0,0,0,0.0,,,,['bohren']
CoDoc_0000009644-A,4,2,0,2,0,0,0,0,0,,,,,,,0,,,,0,0,0,0,0,0,0,0.0,,,,['bohren']
CoDoc_0000009656-A,0,0,0,0,0,0,0,0,0,,,,,,,0,,,,0,0,0,0,0,0,0,0.0,,,,['bohren']
CoDoc_0000009681-A,14,12,2,0,0,0,0,0,0,,,,,,,0,,,,0,0,0,0,0,0,0,0.0,,,,['bohren']
CoDoc_0000009683-A_V1,85,66,11,7,1,0,0,0,0,,,,,,,0,,,,0,0,0,0,0,0,0,0.0,,,,[]
CoDoc_0000009699-A,8,7,1,0,0,0,0,0,0,,,,,,,0,,,,0,0,0,0,0,0,0,0.0,,,,['bohren']
CoDoc_0000009723-A,8,6,0,0,2,0,0,0,0,,,,,,,0,,,,0,0,0,0,0,0,0,0.0,,,,[]
CoDoc_0000009738-A,10,8,1,1,0,0,0,0,0,,,,,,,0,,,,0,0,0,0,0,0,0,0.0,,,,['bohren']
CoDoc_0000009804-A,6,5,1,0,0,0,0,0,0,,,,,,,0,,,,0,0,0,0,0,0,0,0.0,,,,['bohren']
CoDoc_0000009878-A,4,4,0,0,0,0,0,0,0,,,,,,,0,,,,0,0,0,0,0,0,0,0.0,,,,[]
CoDoc_0000009879-A,10,7,1,1,1,0,0,0,0,,,,,,,0,,,,0,0,0,0,0,0,0,0.0,,,,['bohren']
CoDoc_0000009890-A,16,12,2,2,0,0,0,0,0,,,,,,,0,,,,0,0,0,0,0,0,0,0.0,,,,['bohren']
CoDoc_0000009900-A,7,6,1,0,0,0,0,0,0,,,,,,,0,,,,0,0,0,0,0,0,0,0.0,,,,['bohren']
CoDoc_0000009904-A,7,6,1,0,0,0,0,0,0,,,,,,,0,,,,0,0,0,0,0,0,0,0.0,,,,['bohren']
CoDoc_0000009995-A,7,6,1,0,0,0,0,0,0,,,,,,,0,,,,0,0,0,0,0,0,0,0.0,,,,['bohren']
CoDoc_0000009998-A,9,8,1,0,0,0,0,0,0,,,,,,,0,,,,0,0,0,0,0,0,0,0.0,,,,['bohren']
CoDoc_0000010015-A,11,9,1,0,1,0,0,0,0,,,,,,,0,,,,0,0,0,0,0,0,0,0.0,,,,['bohren']
CoDoc_0000010079-A,2,1,0,0,1,0,0,0,0,,,,,,,0,,,,0,0,0,0,0,0,0,0.0,,,,['bohren']
CoDoc_0000010082-A,8,5,2,1,0,0,0,0,0,,,,,,,0,,,,0,0,0,0,0,0,0,0.0,,,,['bohren']
CoDoc_0000010090-A,2,2,0,0,0,0,0,0,0,,,,,,,0,,,,0,0,0,0,0,0,0,0.0,,,,['bohren']
CoDoc_0000010096-A,7,5,1,1,0,0,0,0,0,,,,,,,0,,,,0,0,0,0,0,0,0,0.0,,,,['bohren']
CoDoc_0000010106-A,9,7,1,0,1,0,0,0,0,,,,,,,0,,,,0,0,0,0,0,0,0,0.0,,,,['bohren']
CoDoc_0000010114-A,10,7,1,1,1,0,0,0,0,,,,,,,0,,,,0,0,0,0,0,0,0,0.0,,,,['bohren']
CoDoc_0000010119-A,9,7,1,0,1,0,0,0,0,,,,,,,0,,,,0,0,0,0,0,0,0,0.0,,,,['bohren']
CoDoc_0000010122-A,10,6,1,3,0,0,0,0,0,,,,,,,0,,,,0,0,0,0,0,0,0,0.0,,,,['bohren']
CoDoc_0000010127-A,9,8,0,0,1,0,0,0,0,,,,,,,0,,,,0,0,0,0,0,0,0,0.0,,,,['bohren']
CoDoc_0000010134-A,5,4,1,0,0,0,0,0,0,,,,,,,0,,,,0,0,0,0,0,0,0,0.0,,,,['bohren']
CoDoc_0000010157-A,0,0,0,0,0,0,0,0,0,,,,,,,0,,,,0,0,0,0,0,0,0,0.0,,,,['bohren']
CoDoc_0000010159-A,9,7,2,0,0,0,0,0,0,,,,,,,0,,,,0,0,0,0,0,0,0,0.0,,,,['bohren']
CoDoc_0000010161-A,1,1,0,0,0,0,0,0,1,3.0,3.0,3.0,,,,2,100.0,100.0,100.0,0,1,1,0,0,2,1,0.5,0.5,0.5,0.5,[]
CoDoc_0000010212-A,6,4,1,1,0,0,0,0,0,,,,,,,0,,,,0,0,0,0,0,0,0,0.0,,,,"['fräsen', 'bohren']"
CoDoc_0000010219-A,5,4,1,0,0,0,0,0,0,,,,,,,0,,,,0,0,0,0,0,0,0,0.0,,,,['bohren']
CoDoc_0000010227-A,5,4,1,0,0,0,0,0,0,,,,,,,0,,,,0,0,0,0,0,0,0,0.0,,,,['bohren']
CoDoc_0000010273-A,6,5,0,0,1,0,0,0,0,,,,,,,0,,,,0,0,0,0,0,0,0,0.0,,,,[]
CoDoc_0000010292-A,11,9,1,0,1,0,0,0,0,,,,,,,0,,,,0,0,0,0,0,0,0,0.0,,,,['bohren']
CoDoc_0000010304-A,8,7,1,0,0,0,0,0,0,,,,,,,0,,,,0,0,0,0,0,0,0,0.0,,,,['bohren']
CoDoc_0000010313-A,11,9,1,0,1,0,0,0,0,,,,,,,0,,,,0,0,0,0,0,0,0,0.0,,,,['bohren']
CoDoc_0000010327-A,9,9,0,0,0,0,0,0,0,,,,,,,0,,,,0,0,0,0,0,0,0,0.0,,,,[]
CoDoc_0000010335-A,6,5,1,0,0,0,0,0,0,,,,,,,0,,,,0,0,0,0,0,0,0,0.0,,,,['bohren']
CoDoc_0000010336-A,8,6,2,0,0,0,0,0,0,,,,,,,0,,,,0,0,0,0,0,0,0,0.0,,,,['bohren']
CoDoc_0000010345-A,5,4,1,0,0,0,0,0,0,,,,,,,0,,,,0,0,0,0,0,0,0,0.0,,,,['bohren']
CoDoc_0000010351-A,10,8,1,0,1,0,0,0,0,,,,,,,0,,,,0,0,0,0,0,0,0,0.0,,,,['bohren']
CoDoc_0000010352-A,10,8,1,0,1,0,0,0,0,,,,,,,0,,,,0,0,0,0,0,0,0,0.0,,,,['bohren']
CoDoc_0000010387-A,11,10,1,0,0,0,0,0,0,,,,,,,0,,,,0,0,0,0,0,0,0,0.0,,,,['bohren']
CoDoc_0000010393-A,12,8,1,0,3,0,0,0,0,,,,,,,0,,,,0,0,0,0,0,0,0,0.0,,,,['bohren']
CoDoc_0000010397-A,8,6,1,0,1,0,0,0,0,,,,,,,0,,,,0,0,0,0,0,0,0,0.0,,,,['bohren']
CoDoc_0000010412-A,15,13,1,1,0,0,0,0,0,,,,,,,0,,,,0,0,0,0,0,0,0,0.0,,,,['bohren']
CoDoc_0000010431-A,8,7,1,0,0,0,0,0,0,,,,,,,0,,,,0,0,0,0,0,0,0,0.0,,,,['bohren']
CoDoc_0000010448-A,10,8,1,1,0,0,0,0,0,,,,,,,0,,,,0,0,0,0,0,0,0,0.0,,,,['bohren']
CoDoc_0000010457-A,8,8,0,0,0,0,0,0,0,,,,,,,0,,,,0,0,0,0,0,0,0,0.0,,,,['bohren']
CoDoc_0000010472-A,10,7,1,0,2,0,0,0,0,,,,,,,0,,,,0,0,0,0,0,0,0,0.0,,,,['bohren']
CoDoc_0000010492-A,8,7,1,0,0,0,0,0,0,,,,,,,0,,,,0,0,0,0,0,0,0,0.0,,,,['bohren']
CoDoc_0000010497-A,8,7,1,0,0,0,0,0,0,,,,,,,0,,,,0,0,0,0,0,0,0,0.0,,,,['bohren']
CoDoc_0000010498-A,10,7,1,0,2,0,0,0,0,,,,,,,0,,,,0,0,0,0,0,0,0,0.0,,,,['bohren']
CoDoc_0000010499-A,8,7,1,0,0,0,0,0,0,,,,,,,0,,,,0,0,0,0,0,0,0,0.0,,,,['bohren']
CoDoc_0000010508-A,8,7,1,0,0,0,0,0,0,,,,,,,0,,,,0,0,0,0,0,0,0,0.0,,,,['bohren']
CoDoc_0000010524-A,11,9,1,0,1,0,0,0,0,,,,,,,0,,,,0,0,0,0,0,0,0,0.0,,,,['bohren']
CoDoc_0000010527-A,7,5,1,1,0,0,0,0,0,,,,,,,0,,,,0,0,0,0,0,0,0,0.0,,,,['bohren']
CoDoc_0000010538-A,9,7,1,0,1,0,0,0,0,,,,,,,0,,,,0,0,0,0,0,0,0,0.0,,,,['bohren']
CoDoc_0000010539-A,9,6,2,1,0,0,0,0,0,,,,,,,0,,,,0,0,0,0,0,0,0,0.0,,,,['bohren']
CoDoc_0000010540-A,10,7,1,1,1,0,0,0,0,,,,,,,0,,,,0,0,0,0,0,0,0,0.0,,,,['bohren']
CoDoc_0000010547-A,9,7,1,0,1,0,0,0,0,,,,,,,0,,,,0,0,0,0,0,0,0,0.0,,,,['bohren']
CoDoc_0000010548-A,8,5,2,1,0,0,0,0,0,,,,,,,0,,,,0,0,0,0,0,0,0,0.0,,,,"['fräsen', 'bohren']"
CoDoc_0000010575-A,8,7,1,0,0,0,0,0,0,,,,,,,0,,,,0,0,0,0,0,0,0,0.0,,,,['bohren']
CoDoc_0000010586-A,11,9,1,0,1,0,0,0,0,,,,,,,0,,,,0,0,0,0,0,0,0,0.0,,,,['bohren']
CoDoc_0000010618-A,8,5,2,1,0,0,0,0,0,,,,,,,0,,,,0,0,0,0,0,0,0,0.0,,,,"['fräsen', 'bohren']"
CoDoc_0000010641-A,13,11,2,0,0,0,0,0,0,,,,,,,0,,,,0,0,0,0,0,0,0,0.0,,,,['bohren']
CoDoc_0000010646-A,9,7,1,0,1,0,0,0,0,,,,,,,0,,,,0,0,0,0,0,0,0,0.0,,,,['bohren']
CoDoc_0000010654-A,10,8,1,0,1,0,0,0,0,,,,,,,0,,,,0,0,0,0,0,0,0,0.0,,,,['bohren']
CoDoc_0000010668-A,10,7,1,2,0,0,0,0,0,,,,,,,0,,,,0,0,0,0,0,0,0,0.0,,,,['bohren']
CoDoc_0000010669-A,10,8,1,0,1,0,0,0,0,,,,,,,0,,,,0,0,0,0,0,0,0,0.0,,,,['bohren']
CoDoc_0000010696-A,37,23,1,10,3,1,0,0,5,0.05,0.25,0.15,,,,0,,,,0,0,0,1,0,1,1,1.0,0.03,0.03,0.03,"['drehen', 'fräsen']"
CoDoc_0000010698-A,8,7,1,0,0,0,0,0,0,,,,,,,0,,,,0,0,0,0,0,0,0,0.0,,,,['bohren']
CoDoc_0000010787-A,8,6,2,0,0,0,0,0,0,,,,,,,0,,,,0,0,0,0,0,0,0,0.0,,,,['bohren']
CoDoc_0000010851-A,14,9,1,3,1,0,0,0,0,,,,,,,0,,,,0,0,0,0,0,0,0,0.0,,,,['bohren']
CoDoc_0000010915-A,7,6,1,0,0,0,0,0,0,,,,,,,0,,,,0,0,0,0,0,0,0,0.0,,,,['bohren']
CoDoc_0000010917-A,7,6,1,0,0,0,0,0,0,,,,,,,0,,,,0,0,0,0,0,0,0,0.0,,,,['bohren']
CoDoc_0000010954-A,8,7,1,0,0,0,0,0,0,,,,,,,0,,,,0,0,0,0,0,0,0,0.0,,,,['bohren']
CoDoc_0000010973-A,7,6,1,0,0,0,0,0,0,,,,,,,0,,,,0,0,0,0,0,0,0,0.0,,,,['bohren']
CoDoc_0000010974-A,8,6,1,0,1,0,0,0,0,,,,,,,0,,,,0,0,0,0,0,0,0,0.0,,,,['bohren']
CoDoc_0000010985-A,7,6,1,0,0,0,0,0,0,,,,,,,0,,,,0,0,0,0,0,0,0,0.0,,,,['bohren']
CoDoc_0000010990-A,8,6,1,0,1,0,0,0,0,,,,,,,0,,,,0,0,0,0,0,0,0,0.0,,,,['bohren']
CoDoc_0000011032-A,0,0,0,0,0,0,0,0,0,,,,,,,0,,,,0,0,0,0,0,0,0,0.0,,,,[]
CoDoc_0000011040-A,7,6,1,0,0,0,0,0,0,,,,,,,0,,,,0,0,0,0,0,0,0,0.0,,,,['fräsen']
CoDoc_0000011057-A,7,6,1,0,0,0,0,0,0,,,,,,,0,,,,0,0,0,0,0,0,0,0.0,,,,['bohren']
CoDoc_0000011080-A,6,5,1,0,0,0,0,0,0,,,,,,,0,,,,0,0,0,0,0,0,0,0.0,,,,['bohren']
CoDoc_0000011098-A,8,6,1,1,0,0,0,0,0,,,,,,,0,,,,0,0,0,0,0,0,0,0.0,,,,['bohren']
CoDoc_0000011157-A,7,5,1,1,0,0,0,0,0,,,,,,,0,,,,0,0,0,0,0,0,0,0.0,,,,['bohren']
CoDoc_0000011163-A,8,7,1,0,0,0,0,0,0,,,,,,,0,,,,0,0,0,0,0,0,0,0.0,,,,['bohren']
CoDoc_0000011171-A,10,7,1,1,1,0,0,0,0,,,,,,,0,,,,0,0,0,0,0,0,0,0.0,,,,['bohren']
CoDoc_0000011173-A,10,8,1,0,1,0,0,0,0,,,,,,,0,,,,0,0,0,0,0,0,0,0.0,,,,['bohren']
CoDoc_0000011182-A,8,7,1,0,0,0,0,0,0,,,,,,,0,,,,0,0,0,0,0,0,0,0.0,,,,['bohren']
CoDoc_0000011184-A,8,7,1,0,0,0,0,0,0,,,,,,,0,,,,0,0,0,0,0,0,0,0.0,,,,['bohren']
CoDoc_0000011217-A,7,6,1,0,0,0,0,0,0,,,,,,,0,,,,0,0,0,0,0,0,0,0.0,,,,['bohren']
CoDoc_0000011229-A,8,7,1,0,0,0,0,0,0,,,,,,,0,,,,0,0,0,0,0,0,0,0.0,,,,['bohren']
CoDoc_0000011238-A,8,7,1,0,0,0,0,0,0,,,,,,,0,,,,0,0,0,0,0,0,0,0.0,,,,['bohren']
CoDoc_0000011250-A,8,7,1,0,0,0,0,0,0,,,,,,,0,,,,0,0,0,0,0,0,0,0.0,,,,['bohren']
CoDoc_0000011261-A,10,8,1,1,0,0,0,0,0,,,,,,,0,,,,0,0,0,0,0,0,0,0.0,,,,['bohren']
CoDoc_0000011267-A,7,6,0,1,0,0,0,0,0,,,,,,,0,,,,0,0,0,0,0,0,0,0.0,,,,['bohren']
CoDoc_0000011277-A,8,7,1,0,0,0,0,0,0,,,,,,,0,,,,0,0,0,0,0,0,0,0.0,,,,"['fräsen', 'bohren']"
CoDoc_0000011314-A,7,6,1,0,0,0,0,0,0,,,,,,,0,,,,0,0,0,0,0,0,0,0.0,,,,['bohren']
CoDoc_0000011323-A,7,5,1,1,0,0,0,0,0,,,,,,,0,,,,0,0,0,0,0,0,0,0.0,,,,['bohren']
CoDoc_0000011340-A,6,6,0,0,0,0,0,0,0,,,,,,,0,,,,0,0,0,0,0,0,0,0.0,,,,['bohren']
CoDoc_0000011348-A,7,6,1,0,0,0,0,0,0,,,,,,,0,,,,0,0,0,0,0,0,0,0.0,,,,['bohren']
CoDoc_0000011353-A,9,7,1,0,1,0,0,0,0,,,,,,,0,,,,0,0,0,0,0,0,0,0.0,,,,['bohren']
CoDoc_0000011356-A,7,6,1,0,0,0,0,0,0,,,,,,,0,,,,0,0,0,0,0,0,0,0.0,,,,['bohren']
CoDoc_0000011379-A,4,3,0,0,1,0,0,0,0,,,,,,,0,,,,0,0,0,0,0,0,0,0.0,,,,['bohren']
CoDoc_0000011474-A,9,8,1,0,0,0,0,0,0,,,,,,,0,,,,0,0,0,0,0,0,0,0.0,,,,['bohren']
CoDoc_0000011489-A,2,0,0,1,1,0,0,0,0,,,,,,,0,,,,0,0,0,0,0,0,0,0.0,,,,['bohren']
CoDoc_0000011498-A,8,6,0,0,2,0,0,0,0,,,,,,,0,,,,0,0,0,0,0,0,0,0.0,,,,[]
CoDoc_0000011533-A,7,7,0,0,0,0,0,0,0,,,,,,,0,,,,0,0,0,0,0,0,0,0.0,,,,['bohren']
CoDoc_0000011544-A,10,8,1,0,1,0,0,0,0,,,,,,,0,,,,0,0,0,0,0,0,0,0.0,,,,['bohren']
CoDoc_0000011566-A,7,6,1,0,0,0,0,0,0,,,,,,,0,,,,0,0,0,0,0,0,0,0.0,,,,['bohren']
CoDoc_0000011571-A,9,7,1,0,1,0,0,0,0,,,,,,,0,,,,0,0,0,0,0,0,0,0.0,,,,['bohren']
CoDoc_0000011619-A,8,6,2,0,0,0,0,0,0,,,,,,,0,,,,0,0,0,0,0,0,0,0.0,,,,['bohren']
CoDoc_0000011677-A,8,6,2,0,0,0,0,0,0,,,,,,,0,,,,0,0,0,0,0,0,0,0.0,,,,['bohren']
CoDoc_0000011694-A,4,3,0,1,0,0,0,0,0,,,,,,,0,,,,0,0,0,0,0,0,0,0.0,,,,['drehen']
CoDoc_0000011704-A,6,6,0,0,0,0,0,0,0,,,,,,,0,,,,0,0,0,0,0,0,0,0.0,,,,['drehen']
CoDoc_0000011760-A,7,6,1,0,0,0,0,0,0,,,,,,,0,,,,0,0,0,0,0,0,0,0.0,,,,['bohren']
CoDoc_0000011771-A,7,6,1,0,0,0,0,0,0,,,,,,,0,,,,0,0,0,0,0,0,0,0.0,,,,['bohren']
CoDoc_0000011888-A,1,0,1,0,0,0,0,1,0,,,,0.2,0.2,0.2,0,,,,0,0,0,0,0,0,0,0.0,,,,['drehen']
CoDoc_0000011912-A,4,3,1,0,0,0,0,0,0,,,,,,,0,,,,0,0,0,0,0,0,0,0.0,,,,[]
CoDoc_0000011960-A,7,6,1,0,0,0,0,0,0,,,,,,,0,,,,0,0,0,0,0,0,0,0.0,,,,['bohren']
CoDoc_0000011986-A,10,4,3,2,1,0,0,0,0,,,,,,,0,,,,0,0,0,1,0,2,1,0.5,0.3,0.3,0.3,"['drehen', 'bohren']"
CoDoc_0000012004-A,8,6,1,1,0,0,0,0,0,,,,,,,0,,,,0,0,0,0,0,0,0,0.0,,,,['bohren']
CoDoc_0000012031-A,7,5,1,1,0,0,0,0,0,,,,,,,0,,,,0,0,0,0,0,0,0,0.0,,,,['bohren']
CoDoc_0000012276-A,7,5,1,1,0,0,0,0,0,,,,,,,0,,,,0,0,0,0,0,0,0,0.0,,,,['bohren']
CoDoc_0000012323-A,7,3,4,0,0,0,0,0,0,,,,,,,0,,,,0,0,1,0,0,1,1,1.0,0.1,0.1,0.1,"['bohren', 'drehen']"
CoDoc_0000012338-A,10,5,4,0,1,0,0,0,0,,,,,,,0,,,,0,0,1,0,0,1,1,1.0,0.1,0.1,0.1,"['bohren', 'drehen']"
CoDoc_0000012340-A,7,6,1,0,0,0,0,0,0,,,,,,,0,,,,0,0,0,0,0,0,0,0.0,,,,['bohren']
CoDoc_0000012380-A,7,6,1,0,0,0,0,0,0,,,,,,,0,,,,0,0,0,0,0,0,0,0.0,,,,['bohren']
CoDoc_0000012511-A,11,9,1,0,1,0,0,0,0,,,,,,,0,,,,0,0,0,0,0,0,0,0.0,,,,['bohren']
CoDoc_0000012522-A,8,7,1,0,0,0,0,0,0,,,,,,,0,,,,0,0,0,0,0,0,0,0.0,,,,['bohren']
CoDoc_0000012626-A,8,6,1,1,0,0,0,0,0,,,,,,,0,,,,0,0,0,0,0,0,0,0.0,,,,['bohren']
CoDoc_0000012752-A,8,6,0,2,0,0,0,0,0,,,,,,,0,,,,0,0,0,0,0,0,0,0.0,,,,"['drehen', 'fräsen']"
CoDoc_0000012761-A,38,28,0,5,5,1,0,0,0,,,,,,,0,,,,0,0,0,0,0,0,0,0.0,,,,"['drehen', 'fräsen']"
CoDoc_0000012821-A,7,6,0,1,0,0,0,0,0,,,,,,,0,,,,0,0,0,0,0,0,0,0.0,,,,[]
CoDoc_0000012854-A,7,6,0,1,0,0,0,0,0,,,,,,,0,,,,0,0,0,0,0,0,0,0.0,,,,[]
CoDoc_0000012896-A,7,6,0,1,0,0,0,0,0,,,,,,,0,,,,0,0,0,0,0,0,0,0.0,,,,[]
CoDoc_0000013069-A,8,7,1,0,0,0,0,0,0,,,,,,,0,,,,0,0,0,0,0,0,0,0.0,,,,['bohren']
CoDoc_0000013319-A,8,8,0,0,0,0,0,0,0,,,,,,,0,,,,0,0,0,0,0,0,0,0.0,,,,['bohren']
CoDoc_0000013324-A,5,4,0,0,1,0,0,0,0,,,,,,,0,,,,0,0,0,0,0,0,0,0.0,,,,['bohren']
CoDoc_0000013358-A,5,3,1,1,0,0,0,0,0,,,,,,,0,,,,0,0,0,0,0,0,0,0.0,,,,['bohren']
CoDoc_0000013534-A,4,3,0,1,0,0,0,0,0,,,,,,,0,,,,0,1,1,1,0,3,1,0.6666666666666666,0.2,0.2,0.2,['drehen']
CoDoc_0000013810-A,7,1,4,0,2,0,0,0,0,,,,,,,0,,,,0,0,0,0,0,0,0,0.0,,,,"['drehen', 'bohren']"
CoDoc_0000013813-A,11,6,4,0,1,0,0,0,0,,,,,,,0,,,,0,0,1,0,0,1,1,1.0,0.1,0.1,0.1,"['drehen', 'bohren']"
CoDoc_0000013988-A,14,7,2,4,1,0,0,0,0,,,,,,,0,,,,0,0,1,0,0,1,1,1.0,0.1,0.1,0.1,"['drehen', 'bohren']"
CoDoc_0000016320-A,5,4,1,0,0,0,0,0,0,,,,,,,0,,,,0,0,0,0,0,0,0,0.0,,,,['bohren']
CoDoc_0000019886-A,7,5,1,1,0,0,0,0,0,,,,,,,0,,,,0,0,0,0,0,0,0,0.0,,,,['bohren']
CoDoc_0000020124-A,8,7,1,0,0,0,0,0,0,,,,,,,0,,,,0,0,0,0,0,0,0,0.0,,,,['bohren']
Einstellungsshraube,19,10,2,4,3,0,0,0,0,,,,,,,2,25.0,63.0,44.0,0,0,0,0,0,0,0,0.0,,,,"['fräsen', 'drehen']"
Fundamentbolzen,14,12,1,1,0,0,1,0,7,0.1,0.2,0.1857142857142857,,,,0,,,,1,0,1,1,0,4,1,0.75,0.1,0.2,0.15,"['drehen', 'fräsen']"
Gabelkopf_LH,20,13,2,4,1,0,0,1,0,,,,0.022,0.022,0.022,2,25.0,63.0,44.0,1,0,0,0,1,3,1,1.0,0.05,0.3,0.1833333333333333,"['drehen', 'fräsen']"
Gabelkopf,15,11,0,4,0,1,0,0,0,,,,,,,0,,,,0,0,0,1,1,2,1,1.0,0.5,0.5,0.5,"['drehen', 'fräsen']"
Gabelkopf_RH,17,12,1,4,0,1,0,0,0,,,,,,,2,25.0,63.0,44.0,1,0,0,0,1,3,1,1.0,0.05,0.3,0.1833333333333333,"['drehen', 'fräsen']"
Hinteres Rohrteil Vorbearbeitung,162,85,8,16,53,1,0,5,5,0.5,1.0,0.74,0.5,0.6,0.5599999999999999,0,,,,1,0,1,1,0,12,1,0.75,0.5,1.0,0.5416666666666666,[]
Lasche,22,18,0,2,2,0,0,0,3,0.1,0.2,0.1333333333333333,,,,1,25.0,25.0,25.0,0,0,0,0,1,2,3,1.0,0.2,0.2,0.2,['fräsen']
Messstein,11,10,1,0,0,0,0,0,0,,,,,,,0,,,,0,0,0,0,1,1,3,1.0,0.3,0.3,0.3,['fräsen']
Platte,13,10,0,0,3,0,0,0,0,,,,,,,0,,,,0,0,0,1,0,2,2,1.0,0.5,0.5,0.5,['fräsen']
Schockscheibe,2,1,1,0,0,0,0,0,0,,,,,,,1,25.0,25.0,25.0,0,0,0,0,0,0,0,0.0,,,,['drehen']
Schwei_buchse Kassettenst_tze kurz,7,7,0,0,0,0,0,0,0,,,,,,,0,,,,0,0,0,1,0,1,1,1.0,0.2,0.2,0.2,"['drehen', 'fräsen']"
Schwei_buchse Kassettenst_tze lang,7,7,0,0,0,0,0,0,0,,,,,,,0,,,,0,0,0,1,0,1,1,1.0,0.2,0.2,0.2,"['drehen', 'fräsen']"
Schwei_buchse Kassettenverriegelung,7,7,0,0,0,0,0,0,0,,,,,,,0,,,,0,0,0,1,0,1,1,1.0,0.2,0.2,0.2,"['drehen', 'fräsen']"
Stangen-Lager,26,21,1,3,1,0,0,0,0,,,,,,,0,,,,0,0,0,0,1,2,1,0.5,0.3,0.5,0.4,['fräsen']
UGRA_OFFEN_P0-TBARD-009664_(-)_Gewindebolzen,4,2,2,0,0,0,0,0,0,,,,,,,0,,,,0,0,0,1,0,3,1,0.3333333333333333,0.2,0.3,0.2666666666666666,['drehen']
UGRA_OFFEN_P0-TCCOD-015125_(-)_Aufnahme G 1_2,2,1,1,0,0,0,0,0,0,,,,,,,0,,,,0,0,0,0,0,0,0,0.0,,,,['drehen']
UGRA_OFFEN_P0-TCCOD-015587_(-)_Profil bearbeitet 2,19,18,1,0,0,0,0,0,0,,,,,,,0,,,,0,0,0,0,0,0,0,0.0,,,,['bohren']
UGRA_OFFEN_P0-TCCOD-015588_(-)_Profil bearbeitet 3,13,12,1,0,0,0,0,0,0,,,,,,,0,,,,0,0,0,0,0,0,0,0.0,,,,['bohren']
UGRA_OFFEN_P0-TCCOD-015589_(-)_Profil bearbeitet 4,6,5,1,0,0,0,0,0,0,,,,,,,0,,,,0,0,0,0,0,0,0,0.0,,,,['bohren']
UGRA_OFFEN_P0-TCCOD-017255_(-)_Flansch,8,4,3,1,0,0,0,0,0,,,,,,,0,,,,0,0,0,0,0,0,0,0.0,,,,['drehen']
Verbindungsstange kurz,19,15,0,2,2,0,0,0,0,,,,,,,0,,,,0,0,0,0,0,0,0,0.0,,,,"['drehen', 'fräsen']"
Verbindungsstueck,10,7,2,0,1,0,0,0,1,0.1,0.1,0.1,,,,1,40.0,40.0,40.0,0,0,0,0,1,1,3,1.0,0.3,0.3,0.3,"['drehen', 'fräsen']"